City,Region,Location,Scraped,To Scrape,Scrape Error,Notes,Imaged,To Image,Image Error,Enhanced,To Enhance,Enhance Error,Videod,To Video,Video Error,Helper URL
,,Canada,yes,yes,,,yes,yes,,yes,yes,,,,,
,,"Alberta, Canada",yes,yes,,,yes,yes,,yes,yes,,,,,
,,"British Columbia, Canada",yes,yes,,,yes,yes,,yes,yes,,yes,yes,,https://www.tripadvisor.ca/Attractions-g154922-Activities-a_allAttractions.true-British_Columbia.html
,,"Manitoba, Canada",yes,yes,,,yes,yes,,yes,yes,,,,,
,,"New Brunswick, Canada",yes,yes,,,,,,,,,,,,https://www.tripadvisor.com/Attractions-g154956-Activities-a_allAttractions.true-New_Brunswick.html
,,"Newfoundland and Labrador, Canada",yes,yes,,,,,,,,,,,,https://www.tripadvisor.com/Attractions-g154962-Activities-a_allAttractions.true-Newfoundland_and_Labrador.html
,,"Northwest Territories, Canada",yes,yes,,,,,,,,,,,,
,,"Nova Scotia, Canada",yes,yes,,,,,,,,,,,,
,,"Nunavut, Canada",yes,yes,,,,,,,,,,,,https://www.tripadvisor.com/Attractions-g154978-Activities-Nunavut.html
,,"Ontario, Canada",yes,yes,,,yes,yes,,yes,yes,,yes,yes,,https://www.tripadvisor.com/Attractions-g154979-Activities-a_allAttractions.true-Ontario.html
,,"Prince Edward Island, Canada",yes,yes,,,,,,,,,,,,https://www.tripadvisor.com/Attractions-g155022-Activities-a_allAttractions.true-Prince_Edward_Island.html
,,"Quebec, Canada",yes,yes,,,,,,,,,,,,https://www.tripadvisor.ca/Attractions-g155025-Activities-a_allAttractions.true-Quebec.html
,,"Saskatchewan, Canada",yes,yes,,,yes,yes,,yes,yes,,,,,https://www.tripadvisor.com/Attractions-g155038-Activities-a_allAttractions.true-Saskatchewan.html
,,New Zealand,yes,yes,,,yes,yes,,,,,,,,
,,"Yukon, Canada",yes,yes,,,,,,,,,,,,https://www.tripadvisor.com/Attractions-g155045-Activities-a_allAttractions.true-Yukon.html
Toronto,Ontario,"Toronto, Ontario",yes,yes,,,yes,yes,,,,,yes,yes,,
Montreal,Quebec,"Montreal, Quebec",yes,yes,,,,,,,,,,,,
Vancouver,British Columbia,"Vancouver, British Columbia",yes,yes,,,yes,yes,,,,,yes,yes,,
Calgary,Alberta,"Calgary, Alberta",yes,yes,,,yes,yes,,,,,yes,yes,,
Edmonton,Alberta,"Edmonton, Alberta",yes,yes,,,yes,yes,,,,,yes,yes,,
Ottawa,Ontario,"Ottawa, Ontario",yes,yes,,,yes,yes,,,,,yes,yes,,
Winnipeg,Manitoba,"Winnipeg, Manitoba",yes,yes,,,yes,yes,,,,,yes,yes,,
Quebec City,Quebec,"Quebec City, Quebec",yes,yes,,,,,,,,,,,,
Hamilton,Ontario,"Hamilton, Ontario",yes,yes,,,,,,,,,,,,https://www.tripadvisor.com/Attractions-g154990-Activities-a_allAttractions.true-Hamilton_Ontario.html
Kitchener,Ontario,"Kitchener, Ontario",yes,yes,,,,,,,,,,,,
London,Ontario,"London, Ontario",yes,yes,,,,,,,,,,,,
Banff,Alberta,"Banff, Alberta",yes,yes,,,yes,yes,,,,,yes,yes,,
Jasper,Alberta,"Jasper, Alberta",yes,yes,,,yes,yes,,,,,yes,yes,,https://www.tripadvisor.com/Attractions-g154918-Activities-a_allAttractions.true-Jasper_Jasper_National_Park_Alberta.html
Victoria,British Columbia,"Victoria, British Columbia",yes,yes,,,yes,yes,,,,,yes,yes,,
Halifax,Nova Scotia,"Halifax, Nova Scotia",yes,yes,,,,,,,,,,,,
Oshawa,Ontario,"Oshawa, Ontario",yes,yes,,,,,,,,,,,,https://www.tripadvisor.com/Attractions-g155003-Activities-Oshawa_Ontario.html
Windsor,Ontario,"Windsor, Ontario",yes,yes,,,,,,,,,,,,
Saskatoon,Saskatchewan,"Saskatoon, Saskatchewan",yes,yes,,,yes,yes,,,,,yes,yes,,https://www.tripadvisor.com/Attractions-g155043-Activities-Saskatoon_Saskatchewan.html
St. Catharines,Ontario,"St. Catharines, Ontario",yes,yes,,,,,,,,,,,,
Regina,Saskatchewan,"Regina, Saskatchewan",yes,yes,,,yes,yes,,,,,yes,yes,,
St. John's,Newfoundland and Labrador,"St. John's, Newfoundland and Labrador",yes,yes,,,,,,,,,,,,https://www.tripadvisor.ca/Attractions-g154964-Activities-a_allAttractions.true-St_John_s_Newfoundland_Newfoundland_and_Labrador.html
Kelowna,British Columbia,"Kelowna, British Columbia",yes,yes,,,yes,yes,,,,,yes,yes,,
Barrie,Ontario,"Barrie, Ontario",yes,yes,,,,,,,,,,,,https://www.tripadvisor.com/Attractions-g154980-Activities-a_allAttractions.true-Barrie_Ontario.html
Sherbrooke,Quebec,"Sherbrooke, Quebec",yes,yes,yes,wrote 26 of them 'charmap' codec can't encode character '\u016a' in position 5: character maps to <undefined>,,,,,,,,,,
Guelph,Ontario,"Guelph, Ontario",yes,yes,,,,,,,,,,,,
Abbotsford,British Columbia,"Abbotsford, British Columbia",yes,yes,,,,,,,,,,,,
Kingston,Ontario,"Kingston, Ontario",yes,yes,,,,,,,,,,,,
Kanata,Ontario,"Kanata, Ontario",,,yes,errored because there are only 15 things to do. 'NoneType' object has no attribute 'group',,,,,,,,,,
Trois-Rivi半es,Quebec,"Trois-Rivieres, Quebec",yes,yes,,I removed the accent to get it working. 'ascii' codec can't encode character '\xe8' in position 24: ordinal not in range(128),,,,,,,,,,
Moncton,New Brunswick,"Moncton, New Brunswick",yes,yes,,,,,,,,,,,,
Chicoutimi됡onqui半e,Quebec,"Chicoutimi됡onqui半e, Quebec",,,yes,'ascii' codec can't encode character '\u2013' in position 24: ordinal not in range(128),,,,,,,,,,
Milton,Ontario,"Milton, Ontario",yes,yes,,,,,,,,,,,,
Red Deer,Alberta,"Red Deer, Alberta",yes,yes,,list index out of range,,,,,,,,,,https://www.tripadvisor.ca/Attractions-g154921-Activities-Red_Deer_Alberta.html
Brantford,Ontario,"Brantford, Ontario",yes,yes,,list index out of range,,,,,,,,,,https://www.tripadvisor.ca/Attractions-g154983-Activities-Brantford_Ontario.html
Thunder Bay,Ontario,"Thunder Bay, Ontario",yes,yes,,list index out of range,,,,,,,,,,https://www.tripadvisor.com/Attractions-g155017-Activities-Thunder_Bay_Thunder_Bay_District_Ontario.html
White Rock,British Columbia,"White Rock, British Columbia",,,yes,only 22 things to do,,,,,,,,,,https://www.tripadvisor.com/Attractions-g154949-Activities-White_Rock_British_Columbia.html
Nanaimo,British Columbia,"Nanaimo, British Columbia",yes,yes,,,,,,,,,,,,
Sudbury,Ontario,"Sudbury, Ontario",yes,yes,,list index out of range,,,,,,,,,,https://www.tripadvisor.ca/Attractions-g155016-Activities-Sudbury_Northeastern_Ontario_Ontario.html
Lethbridge,Alberta,"Lethbridge, Alberta",yes,yes,,list index out of range,,,,,,,,,,https://www.tripadvisor.ca/Attractions-g154919-Activities-Lethbridge_Alberta.html
Saint-Jean-sur-Richelieu,Quebec,"Saint-Jean-sur-Richelieu, Quebec",,,yes,,,,,,,,,,,
Peterborough,Ontario,"Peterborough, Ontario",yes,yes,,,,,,,,,,,,
Kamloops,British Columbia,"Kamloops, British Columbia",yes,yes,,,,,,,,,,,,
Saint-J本臻e,Quebec,"Saint-J本臻e, Quebec",,,yes,'ascii' codec can't encode character '\xe9' in position 21: ordinal not in range(128),,,,,,,,,,
Chilliwack,British Columbia,"Chilliwack, British Columbia",yes,yes,,,,,,,,,,,,
Sarnia,Ontario,"Sarnia, Ontario",,,yes,,,,,,,,,,,
Ch嶠eauguay,Quebec,"Ch嶠eauguay, Quebec",,,yes,,,,,,,,,,,
Drummondville,Quebec,"Drummondville, Quebec",yes,yes,,,,,,,,,,,,
Belleville,Ontario,"Belleville, Ontario",yes,yes,,,,,,,,,,,,
Fort McMurray,Alberta,"Fort McMurray, Alberta",,,yes,,,,,,,,,,,
Sault Ste. Marie,Ontario,"Sault Ste. Marie, Ontario",yes,yes,,,,,,,,,,,,
Prince George,British Columbia,"Prince George, British Columbia",,,yes,,,,,,,,,,,
Medicine Hat,Alberta,"Medicine Hat, Alberta",,,yes,,,,,,,,,,,
Welland됧elham,Ontario,"Welland됧elham, Ontario",,,yes,,,,,,,,,,,
Grande Prairie,Alberta,"Grande Prairie, Alberta",,,yes,,,,,,,,,,,
Airdrie,Alberta,"Airdrie, Alberta",,,yes,,,,,,,,,,,
Granby,Quebec,"Granby, Quebec",yes,yes,,,,,,,,,,,,
Fredericton,New Brunswick,"Fredericton, New Brunswick",,,yes,,,,,,,,,,,
Saint John,New Brunswick,"Saint John, New Brunswick",yes,yes,,,,,,,,,,,,
Beloeil,Quebec,"Beloeil, Quebec",,,yes,,,,,,,,,,,
North Bay,Ontario,"North Bay, Ontario",yes,yes,,,,,,,,,,,,
Saint-Hyacinthe,Quebec,"Saint-Hyacinthe, Quebec",,,yes,,,,,,,,,,,
Brandon,Manitoba,"Brandon, Manitoba",,,yes,,,,,,,,,,,
Vernon,British Columbia,"Vernon, British Columbia",yes,yes,,,,,,,,,,,,
Cornwall,Ontario,"Cornwall, Ontario",yes,yes,,,,,,,,,,,,
Joliette,Quebec,"Joliette, Quebec",,,yes,,,,,,,,,,,
Courtenay,British Columbia,"Courtenay, British Columbia",yes,yes,,,,,,,,,,,,
Charlottetown,Prince Edward Island,"Charlottetown, Prince Edward Island",,,yes,,,,,,,,,,,
Victoriaville,Quebec,"Victoriaville, Quebec",,,yes,,,,,,,,,,,
Chatham,Ontario,"Chatham, Ontario",yes,yes,,,,,,,,,,,,
Georgetown,Ontario,"Georgetown, Ontario",,,yes,,,,,,,,,,,
St. Thomas,Ontario,"St. Thomas, Ontario",yes,yes,,,,,,,,,,,,
Woodstock,Ontario,"Woodstock, Ontario",,,yes,,,,,,,,,,,
Bowmanville,Ontario,"Bowmanville, Ontario",,,yes,,,,,,,,,,,
Salaberry-de-Valleyfield,Quebec,"Salaberry-de-Valleyfield, Quebec",,,yes,,,,,,,,,,,
Shawinigan,Quebec,"Shawinigan, Quebec",yes,yes,,,,,,,,,,,,
Rimouski,Quebec,"Rimouski, Quebec",yes,yes,,,,,,,,,,,,
Spruce Grove,Alberta,"Spruce Grove, Alberta",,,yes,,,,,,,,,,,
Sorel,Quebec,"Sorel, Quebec",,,yes,,,,,,,,,,,
Campbell River,British Columbia,"Campbell River, British Columbia",,,yes,,,,,,,,,,,
Prince Albert,Saskatchewan,"Prince Albert, Saskatchewan",,,yes,,,,,,,,,,,
Penticton,British Columbia,"Penticton, British Columbia",yes,yes,,,,,,,,,,,,
Mission,British Columbia,"Mission, British Columbia",,,yes,,,,,,,,,,,
Leamington,Ontario,"Leamington, Ontario",,,yes,,,,,,,,,,,
Moose Jaw,Saskatchewan,"Moose Jaw, Saskatchewan",,,yes,,,,,,,,,,,
Stouffville,Ontario,"Stouffville, Ontario",,,yes,,,,,,,,,,,
Lloydminster,Alberta/Saskatchewan,"Lloydminster, Alberta/Saskatchewan",,,yes,,,,,,,,,,,
Orillia,Ontario,"Orillia, Ontario",,,yes,,,,,,,,,,,
Stratford,Ontario,"Stratford, Ontario",yes,yes,,,,,,,,,,,,
Orangeville,Ontario,"Orangeville, Ontario",,,yes,,,,,,,,,,,
Cape Breton됩ydney,Nova Scotia,"Cape Breton됩ydney, Nova Scotia",,,yes,,,,,,,,,,,
Bradford,Ontario,"Bradford, Ontario",,,yes,,,,,,,,,,,
Leduc,Alberta,"Leduc, Alberta",,,yes,,,,,,,,,,,
Timmins,Ontario,"Timmins, Ontario",,,yes,,,,,,,,,,,
Okotoks,Alberta,"Okotoks, Alberta",,,yes,,,,,,,,,,,
Saint-Georges,Quebec,"Saint-Georges, Quebec",,,yes,,,,,,,,,,,
Keswick된lmhurst Beach,Ontario,"Keswick된lmhurst Beach, Ontario",,,yes,,,,,,,,,,,
Bolton,Ontario,"Bolton, Ontario",,,yes,,,,,,,,,,,
Val-d'Or,Quebec,"Val-d'Or, Quebec",,,yes,,,,,,,,,,,
Cochrane,Alberta,"Cochrane, Alberta",,,yes,,,,,,,,,,,
QuispamsisRothesay,New Brunswick,"QuispamsisRothesay, New Brunswick",,,yes,,,,,,,,,,,
Midland,Ontario,"Midland, Ontario",,,yes,,,,,,,,,,,
Innisfil,Ontario,"Innisfil, Ontario",,,yes,,,,,,,,,,,
,,United States,,,yes,"bad character error, need to do in manually",,,,,,,,,,https://www.tripadvisor.ca/Attractions-g191-Activities-a_allAttractions.true-United_States.html
,,Alabama,yes,yes,,,yes,yes,,yes,yes,,yes,yes,,
,,Alaska,yes,yes,,,yes,yes,,yes,yes,,yes,yes,,
,,Arizona,yes,yes,,,yes,yes,,yes,yes,,yes,yes,,
,,Arkansas,yes,yes,,,yes,yes,,,,,,,,
,,California,yes,yes,,,yes,yes,,yes,yes,,yes,yes,,
,,Colorado,yes,yes,,,yes,yes,,,,,,,,
,,Connecticut,yes,yes,,,yes,yes,,,,,,,,
,,Delaware,yes,yes,,,yes,yes,,,,,,,,https://www.tripadvisor.com/Attractions-g28929-Activities-a_allAttractions.true-Delaware.html
,,Florida,yes,yes,,,yes,yes,,yes,yes,,yes,yes,,
,,Georgia,yes,yes,,,yes,yes,,,,,,,,https://www.tripadvisor.ca/Attractions-g28931-Activities-a_allAttractions.true-Georgia.html
,,Hawaii,yes,yes,yes,"done manually by copying print out, since there was a buggy character",yes,yes,,,,,yes,yes,,https://www.tripadvisor.com/Attractions-g28932-Activities-a_allAttractions.true-Hawaii.html
,,Idaho,yes,yes,,,yes,yes,,,,,,,,
,,Illinois,yes,yes,,,yes,yes,,,,,,,,
,,Indiana,yes,yes,,,yes,yes,,,,,,,,https://www.tripadvisor.com/Attractions-g28935-Activities-a_allAttractions.true-Indiana.html
,,Iowa,yes,yes,,,yes,yes,,,,,,,,https://www.tripadvisor.ca/Attractions-g28936-Activities-a_allAttractions.true-Iowa.html
,,Kansas,yes,yes,,,yes,yes,,,,,,,,
,,Kentucky,yes,yes,,,yes,yes,,,,,,,,
,,Louisiana,yes,yes,,,yes,yes,,,,,,,,
,,Maine,yes,yes,,,yes,yes,,,,,,,,
,,Maryland,yes,yes,,,yes,yes,,,,,,,,
,,Massachusetts,yes,yes,,,yes,yes,,,,,,,,
,,Michigan,yes,yes,,,yes,yes,,,,,,,,
,,Minnesota,yes,yes,,,yes,yes,,,,,,,,
,,Mississippi,yes,yes,,,yes,yes,,,,,,,,
,,Missouri,yes,yes,,,yes,yes,,,,,,,,
,,Montana,yes,yes,,,yes,yes,,,,,,,,
,,Nebraska,yes,yes,,,yes,yes,,,,,,,,
,,Nevada,yes,yes,,,yes,yes,,yes,yes,,yes,yes,,
,,New Hampshire,yes,yes,,,yes,yes,,,,,,,,https://www.tripadvisor.ca/Attractions-g28950-Activities-a_allAttractions.true-New_Hampshire.html
,,New Jersey,yes,yes,,,yes,yes,,,,,,,,
,,New Mexico,yes,yes,,,yes,yes,,,,,,,,
,,New York,yes,yes,,,yes,yes,,,,,,,,
,,North Carolina,yes,yes,,,yes,yes,,,,,,,,https://www.tripadvisor.com/Attractions-g28954-Activities-a_allAttractions.true-North_Carolina.html
,,North Dakota,yes,yes,,,yes,yes,,,,,,,,
,,Ohio,yes,yes,,,yes,yes,,,,,,,,
,,Oklahoma,yes,yes,,,yes,yes,,,,,,,,
,,Oregon,yes,yes,,,yes,yes,,,,,,,,https://www.tripadvisor.ca/Attractions-g28958-Activities-a_allAttractions.true-Oregon.html
,,Pennsylvania,yes,yes,,,yes,yes,,,,,,,,
,,Rhode Island,yes,yes,,,yes,yes,,,,,,,,
,,South Carolina,yes,yes,,,yes,yes,,,,,,,,https://www.tripadvisor.ca/Attractions-g28961-Activities-a_allAttractions.true-South_Carolina.html
,,South Dakota,yes,yes,,,yes,yes,,,,,,,,
,,Tennessee,yes,yes,,,yes,yes,,,,,,,,
,,Texas,yes,yes,,,yes,yes,,,,,,,,
,,Utah,yes,yes,,,yes,yes,,,,,,,,
,,Vermont,yes,yes,,,yes,yes,,,,,,,,
,,Virginia,yes,yes,,,yes,yes,,,,,,,,https://www.tripadvisor.com/Attractions-g28967-Activities-a_allAttractions.true-Virginia.html
,,Washington,yes,yes,,,yes,yes,,,,,,,,https://www.tripadvisor.com/Attractions-g28968-Activities-Washington.html
,,West Virginia,yes,yes,,,yes,yes,,,,,,,,
,,Wisconsin,yes,yes,,,yes,yes,,,,,,,,
,,Wyoming,yes,yes,,,yes,yes,,,,,,,,
New York City,New York,"New York City, New York",yes,yes,,,yes,yes,,,,,yes,yes,,https://www.tripadvisor.com/Attractions-g60763-Activities-a_allAttractions.true-New_York_City_New_York.html
Los Angeles,California,"Los Angeles, California",yes,yes,,,yes,yes,,,,,yes,yes,,
Chicago,Illinois,"Chicago, Illinois",yes,yes,,,yes,yes,,,,,yes,yes,,
Houston,Texas,"Houston, Texas",yes,yes,,,yes,yes,,,,,yes,yes,,
Phoenix,Arizona,"Phoenix, Arizona",yes,yes,,,yes,yes,,,,,yes,yes,,
Philadelphia,Pennsylvania,"Philadelphia, Pennsylvania",yes,yes,,,yes,yes,,,,,yes,yes,,
San Antonio,Texas,"San Antonio, Texas",yes,yes,,,yes,yes,,,,,yes,yes,,
San Diego,California,"San Diego, California",yes,yes,,,yes,yes,,,,,yes,yes,,
Dallas,Texas,"Dallas, Texas",yes,yes,,,yes,yes,,,,,yes,yes,,
San Jose,California,"San Jose, California",yes,yes,,,yes,yes,,,,,yes,yes,,https://www.tripadvisor.com/Attractions-g33020-Activities-a_allAttractions.true-San_Jose_California.html
Austin,Texas,"Austin, Texas",yes,yes,,,yes,yes,,,,,yes,yes,,
Jacksonville,Florida,"Jacksonville, Florida",yes,yes,,,yes,yes,,,,,yes,yes,,
Fort Worth,Texas,"Fort Worth, Texas",yes,yes,,,yes,yes,,,,,yes,yes,,
Columbus,Ohio,"Columbus, Ohio",yes,yes,,,yes,yes,,,,,yes,yes,,
Charlotte,North Carolina,"Charlotte, North Carolina",yes,yes,,,yes,yes,,,,,yes,yes,,
San Francisco,California,"San Francisco, California",yes,yes,,,yes,yes,,,,,yes,yes,,
Indianapolis,Indiana,"Indianapolis, Indiana",yes,yes,,,yes,yes,,,,,yes,yes,,
Seattle,Washington,"Seattle, Washington",yes,yes,,,yes,yes,,,,,,,,
Denver,Colorado,"Denver, Colorado",yes,yes,,,yes,yes,,,,,yes,yes,,
Washington,District of Columbia,"Washington, District of Columbia",yes,yes,,,yes,yes,,,,,yes,yes,,
Boston,Massachusetts,"Boston, Massachusetts",yes,yes,,,yes,yes,,yes,yes,,yes,yes,,
El Paso,Texas,"El Paso, Texas",yes,yes,,,yes,yes,,yes,yes,,yes,yes,,https://www.tripadvisor.com/Attractions-g60768-Activities-a_allAttractions.true-El_Paso_Texas.html
Nashville,Tennessee,"Nashville, Tennessee",yes,yes,,,yes,yes,,yes,yes,,yes,yes,,
Detroit,Michigan,"Detroit, Michigan",yes,yes,,,yes,yes,,yes,yes,,yes,yes,,
Oklahoma City,Oklahoma,"Oklahoma City, Oklahoma",yes,yes,,,yes,yes,,yes,yes,,yes,yes,,
Portland,Oregon,"Portland, Oregon",yes,yes,,,yes,yes,,yes,yes,,yes,yes,,
Las Vegas,Nevada,"Las Vegas, Nevada",yes,yes,,,yes,yes,,,,,yes,yes,,https://www.tripadvisor.com/Attractions-g45963-Activities-a_allAttractions.true-Las_Vegas_Nevada.html
Memphis,Tennessee,"Memphis, Tennessee",yes,yes,,,,,,,,,,,,
Louisville,Kentucky,"Louisville, Kentucky",yes,yes,,,,,,,,,,,,
Baltimore,Maryland,"Baltimore, Maryland",yes,yes,,,,,,,,,,,,
Milwaukee,Wisconsin,"Milwaukee, Wisconsin",yes,yes,,,,,,,,,,,,
Albuquerque,New Mexico,"Albuquerque, New Mexico",yes,yes,,,,,,,,,,,,
Tucson,Arizona,"Tucson, Arizona",yes,yes,,,,,,,,,,,,
Fresno,California,"Fresno, California",yes,yes,,,,,,,,,,,,
Mesa,Arizona,"Mesa, Arizona",yes,yes,,,,,,,,,,,,
Sacramento,California,"Sacramento, California",yes,yes,,,,,,,,,,,,
Atlanta,Georgia,"Atlanta, Georgia",yes,yes,,,,,,,,,,,,
Kansas City,Missouri,"Kansas City, Missouri",yes,yes,,,,,,,,,,,,
Colorado Springs,Colorado,"Colorado Springs, Colorado",,,yes,,,,,,,,,,,
Omaha,Nebraska,"Omaha, Nebraska",yes,yes,,,,,,,,,,,,
Raleigh,North Carolina,"Raleigh, North Carolina",yes,yes,,,,,,,,,,,,
Miami,Florida,"Miami, Florida",,,yes,,,,,,,,,,,
Long Beach,California,"Long Beach, California",,,yes,,,,,,,,,,,
Virginia Beach,Virginia,"Virginia Beach, Virginia",yes,yes,,,,,,,,,,,,
Oakland,California,"Oakland, California",yes,yes,,,,,,,,,,,,
Minneapolis,Minnesota,"Minneapolis, Minnesota",yes,yes,,,,,,,,,,,,
Tulsa,Oklahoma,"Tulsa, Oklahoma",yes,yes,,,,,,,,,,,,
Tampa,Florida,"Tampa, Florida",yes,yes,,,,,,,,,,,,
Arlington,Texas,"Arlington, Texas",yes,yes,,,,,,,,,,,,
New Orleans,Louisiana,"New Orleans, Louisiana",yes,yes,,,,,,,,,,,,
Wichita,Kansas,"Wichita, Kansas",yes,yes,,,,,,,,,,,,
Bakersfield,California,"Bakersfield, California",yes,yes,,,,,,,,,,,,
Cleveland,Ohio,"Cleveland, Ohio",yes,yes,,,,,,,,,,,,
Aurora,Colorado,"Aurora, Colorado",,,yes,,,,,,,,,,,
Anaheim,California,"Anaheim, California",yes,yes,,,,,,,,,,,,
Honolulu,Hawaii,"Honolulu, Hawaii",,,yes,"bug in output, need to copy from print",,,,,,,,,,
Santa Ana,California,"Santa Ana, California",yes,yes,,,,,,,,,,,,
Riverside,California,"Riverside, California",,,yes,,,,,,,,,,,
Corpus Christi,Texas,"Corpus Christi, Texas",yes,yes,,,,,,,,,,,,
Lexington,Kentucky,"Lexington, Kentucky",yes,yes,,,,,,,,,,,,
Henderson,Nevada,"Henderson, Nevada",yes,yes,,,,,,,,,,,,
Stockton,California,"Stockton, California",yes,yes,,,,,,,,,,,,
Saint Paul,Minnesota,"Saint Paul, Minnesota",yes,yes,,,,,,,,,,,,
Cincinnati,Ohio,"Cincinnati, Ohio",yes,yes,,,,,,,,,,,,
St. Louis,Missouri,"St. Louis, Missouri",yes,yes,,,,,,,,,,,,
Pittsburgh,Pennsylvania,"Pittsburgh, Pennsylvania",yes,yes,,,,,,,,,,,,
Greensboro,North Carolina,"Greensboro, North Carolina",yes,yes,,,,,,,,,,,,
Lincoln,Nebraska,"Lincoln, Nebraska",yes,yes,,,,,,,,,,,,
Anchorage,Alaska,"Anchorage, Alaska",yes,yes,,,,,,,,,,,,
Plano,Texas,"Plano, Texas",yes,yes,,,,,,,,,,,,
Orlando,Florida,"Orlando, Florida",yes,yes,,,,,,,,,,,,
Irvine,California,"Irvine, California",yes,yes,,,,,,,,,,,,
Newark,New Jersey,"Newark, New Jersey",yes,yes,,,,,,,,,,,,
Durham,North Carolina,"Durham, North Carolina",yes,yes,,,,,,,,,,,,
Chula Vista,California,"Chula Vista, California",,,yes,,,,,,,,,,,
Toledo,Ohio,"Toledo, Ohio",yes,yes,,,,,,,,,,,,
Fort Wayne,Indiana,"Fort Wayne, Indiana",yes,yes,,,,,,,,,,,,
St. Petersburg,Florida,"St. Petersburg, Florida",yes,yes,,,,,,,,,,,,
Laredo,Texas,"Laredo, Texas",,,yes,,,,,,,,,,,
Jersey City,New Jersey,"Jersey City, New Jersey",yes,yes,,,,,,,,,,,,
Chandler,Arizona,"Chandler, Arizona",,,yes,,,,,,,,,,,
Madison,Wisconsin,"Madison, Wisconsin",yes,yes,,,,,,,,,,,,
Lubbock,Texas,"Lubbock, Texas",yes,yes,,,,,,,,,,,,
Scottsdale,Arizona,"Scottsdale, Arizona",yes,yes,,,,,,,,,,,,
Reno,Nevada,"Reno, Nevada",yes,yes,,,,,,,,,,,,
Buffalo,New York,"Buffalo, New York",yes,yes,,,,,,,,,,,,
Gilbert,Arizona,"Gilbert, Arizona",,,yes,,,,,,,,,,,
Glendale,Arizona,"Glendale, Arizona",yes,yes,,,,,,,,,,,,
North Las Vegas,Nevada,"North Las Vegas, Nevada",,,yes,,,,,,,,,,,
Winston됩alem,North Carolina,"Winston됩alem, North Carolina",,,yes,'ascii' codec can't encode character '\u2013' in position 21: ordinal not in range(128),,,,,,,,,,
Chesapeake,Virginia,"Chesapeake, Virginia",yes,yes,,,,,,,,,,,,
Norfolk,Virginia,"Norfolk, Virginia",yes,yes,,,,,,,,,,,,
Fremont,California,"Fremont, California",yes,yes,,,,,,,,,,,,
Garland,Texas,"Garland, Texas",yes,yes,,,,,,,,,,,,
Irving,Texas,"Irving, Texas",,,yes,,,,,,,,,,,
Hialeah,Florida,"Hialeah, Florida",,,yes,,,,,,,,,,,
Richmond,Virginia,"Richmond, Virginia",yes,yes,,,,,,,,,,,,
Boise,Idaho,"Boise, Idaho",yes,yes,,,,,,,,,,,,
Spokane,Washington,"Spokane, Washington",yes,yes,,,,,,,,,,,,
Baton Rouge,Louisiana,"Baton Rouge, Louisiana",yes,yes,,,,,,,,,,,,
Tacoma,Washington,"Tacoma, Washington",yes,yes,,,,,,,,,,,,
San Bernardino,California,"San Bernardino, California",yes,yes,,,,,,,,,,,,
Modesto,California,"Modesto, California",yes,yes,,,,,,,,,,,,
Fontana,California,"Fontana, California",,,yes,only 16 things?,,,,,,,,,,
Des Moines,Iowa,"Des Moines, Iowa",,,yes,,,,,,,,,,,
Moreno Valley,California,"Moreno Valley, California",,,yes,only 12 things?,,,,,,,,,,
Santa Clarita,California,"Santa Clarita, California",,,yes,error writing?,,,,,,,,,,
Fayetteville,North Carolina,"Fayetteville, North Carolina",yes,yes,,,,,,,,,,,,
Birmingham,Alabama,"Birmingham, Alabama",yes,yes,,,,,,,,,,,,
Oxnard,California,"Oxnard, California",yes,yes,,,,,,,,,,,,
Rochester,New York,"Rochester, New York",yes,yes,,,,,,,,,,,,
Port St. Lucie,Florida,"Port St. Lucie, Florida",yes,yes,,,,,,,,,,,,
Grand Rapids,Michigan,"Grand Rapids, Michigan",,,yes,,,,,,,,,,,
Huntsville,Alabama,"Huntsville, Alabama",,,yes,,,,,,,,,,,
Salt Lake City,Utah,"Salt Lake City, Utah",,,yes,,,,,,,,,,,
Frisco,Texas,"Frisco, Texas",yes,yes,,,,,,,,,,,,
Yonkers,New York,"Yonkers, New York",yes,yes,,,,,,,,,,,,
Amarillo,Texas,"Amarillo, Texas",yes,yes,,,,,,,,,,,,
Glendale,California,"Glendale, California",yes,yes,,,,,,,,,,,,
Huntington Beach,California,"Huntington Beach, California",yes,yes,,,,,,,,,,,,
McKinney,Texas,"McKinney, Texas",yes,yes,,,,,,,,,,,,
Montgomery,Alabama,"Montgomery, Alabama",yes,yes,,,,,,,,,,,,
Augusta,Georgia,"Augusta, Georgia",yes,yes,,,,,,,,,,,,
Aurora,Illinois,"Aurora, Illinois",,,yes,,,,,,,,,,,
Akron,Ohio,"Akron, Ohio",yes,yes,,,,,,,,,,,,
Little Rock,Arkansas,"Little Rock, Arkansas",,,yes,,,,,,,,,,,
Tempe,Arizona,"Tempe, Arizona",yes,yes,,,,,,,,,,,,
Columbus,Georgia,"Columbus, Georgia",yes,yes,,,,,,,,,,,,
Overland Park,Kansas,"Overland Park, Kansas",,,yes,,,,,,,,,,,
Grand Prairie,Texas,"Grand Prairie, Texas",,,yes,,,,,,,,,,,
Tallahassee,Florida,"Tallahassee, Florida",yes,yes,,,,,,,,,,,,
Cape Coral,Florida,"Cape Coral, Florida",yes,yes,,,,,,,,,,,,
Mobile,Alabama,"Mobile, Alabama",yes,yes,,,,,,,,,,,,
Knoxville,Tennessee,"Knoxville, Tennessee",yes,yes,,,,,,,,,,,,
Shreveport,Louisiana,"Shreveport, Louisiana",yes,yes,,,,,,,,,,,,
Worcester,Massachusetts,"Worcester, Massachusetts",yes,yes,,,,,,,,,,,,
Ontario,California,"Ontario, California",,,yes,,,,,,,,,,,
Vancouver,Washington,"Vancouver, Washington",yes,yes,,,,,,,,,,,,
Sioux Falls,South Dakota,"Sioux Falls, South Dakota",,,yes,,,,,,,,,,,
Chattanooga,Tennessee,"Chattanooga, Tennessee",yes,yes,,,,,,,,,,,,
Brownsville,Texas,"Brownsville, Texas",,,yes,,,,,,,,,,,
Fort Lauderdale,Florida,"Fort Lauderdale, Florida",yes,yes,,,,,,,,,,,,
Providence,Rhode Island,"Providence, Rhode Island",yes,yes,,,,,,,,,,,,
Newport News,Virginia,"Newport News, Virginia",yes,yes,,,,,,,,,,,,
Rancho Cucamonga,California,"Rancho Cucamonga, California",,,yes,,,,,,,,,,,
Santa Rosa,California,"Santa Rosa, California",yes,yes,,,,,,,,,,,,
Peoria,Arizona,"Peoria, Arizona",yes,yes,,,,,,,,,,,,
Oceanside,California,"Oceanside, California",yes,yes,,,,,,,,,,,,
Elk Grove,California,"Elk Grove, California",,,yes,,,,,,,,,,,
Salem,Oregon,"Salem, Oregon",yes,yes,,,,,,,,,,,,
Pembroke Pines,Florida,"Pembroke Pines, Florida",yes,yes,,,,,,,,,,,,
Eugene,Oregon,"Eugene, Oregon",yes,yes,,,,,,,,,,,,
Garden Grove,California,"Garden Grove, California",,,yes,,,,,,,,,,,
Cary,North Carolina,"Cary, North Carolina",yes,yes,,,,,,,,,,,,
Fort Collins,Colorado,"Fort Collins, Colorado",yes,yes,,,,,,,,,,,,
Corona,California,"Corona, California",,,yes,,,,,,,,,,,
Springfield,Missouri,"Springfield, Missouri",yes,yes,,,,,,,,,,,,
Jackson,Mississippi,"Jackson, Mississippi",yes,yes,,,,,,,,,,,,
Alexandria,Virginia,"Alexandria, Virginia",,,yes,,,,,,,,,,,
Hayward,California,"Hayward, California",yes,yes,,,,,,,,,,,,
Clarksville,Tennessee,"Clarksville, Tennessee",yes,yes,,,,,,,,,,,,
Lakewood,Colorado,"Lakewood, Colorado",yes,yes,,,,,,,,,,,,
Lancaster,California,"Lancaster, California",yes,yes,,,,,,,,,,,,
Salinas,California,"Salinas, California",yes,yes,,,,,,,,,,,,
Palmdale,California,"Palmdale, California",yes,yes,,,,,,,,,,,,
Hollywood,Florida,"Hollywood, Florida",yes,yes,,,,,,,,,,,,
Springfield,Massachusetts,"Springfield, Massachusetts",,,yes,,,,,,,,,,,
Macon,Georgia,"Macon, Georgia",yes,yes,,,,,,,,,,,,
Kansas City,Kansas,"Kansas City, Kansas",,,yes,,,,,,,,,,,
Sunnyvale,California,"Sunnyvale, California",yes,yes,,,,,,,,,,,,
Pomona,California,"Pomona, California",,,yes,only 24,,,,,,,,,,
Killeen,Texas,"Killeen, Texas",yes,yes,,,,,,,,,,,,
Escondido,California,"Escondido, California",yes,yes,,,,,,,,,,,,
Pasadena,Texas,"Pasadena, Texas",,,yes,only 17,,,,,,,,,,
Naperville,Illinois,"Naperville, Illinois",yes,yes,,,,,,,,,,,,
Bellevue,Washington,"Bellevue, Washington",yes,yes,,,,,,,,,,,,
Joliet,Illinois,"Joliet, Illinois",yes,yes,,,,,,,,,,,,
Murfreesboro,Tennessee,"Murfreesboro, Tennessee",yes,yes,,,,,,,,,,,,
Midland,Texas,"Midland, Texas",yes,yes,,,,,,,,,,,,
Rockford,Illinois,"Rockford, Illinois",yes,yes,,,,,,,,,,,,
Paterson,New Jersey,"Paterson, New Jersey",yes,yes,,,,,,,,,,,,
Savannah,Georgia,"Savannah, Georgia",yes,yes,,,,,,,,,,,,
Bridgeport,Connecticut,"Bridgeport, Connecticut",yes,yes,,,,,,,,,,,,
Torrance,California,"Torrance, California",yes,yes,,,,,,,,,,,,
McAllen,Texas,"McAllen, Texas",yes,yes,,,,,,,,,,,,
Syracuse,New York,"Syracuse, New York",yes,yes,,,,,,,,,,,,
Surprise,Arizona,"Surprise, Arizona",,,yes,,,,,,,,,,,
Denton,Texas,"Denton, Texas",yes,yes,,,,,,,,,,,,
Roseville,California,"Roseville, California",yes,yes,,,,,,,,,,,,
Thornton,Colorado,"Thornton, Colorado",,,yes,only 24,,,,,,,,,,
Miramar,Florida,"Miramar, Florida",,,yes,,,,,,,,,,,
Pasadena,California,"Pasadena, California",yes,yes,,,,,,,,,,,,
Mesquite,Texas,"Mesquite, Texas",,,yes,only 25,,,,,,,,,,
Olathe,Kansas,"Olathe, Kansas",yes,yes,,,,,,,,,,,,
Dayton,Ohio,"Dayton, Ohio",yes,yes,,,,,,,,,,,,
Carrollton,Texas,"Carrollton, Texas",,,yes,,,,,,,,,,,
Waco,Texas,"Waco, Texas",yes,yes,,,,,,,,,,,,
Orange,California,"Orange, California",,,yes,,,,,,,,,,,
Fullerton,California,"Fullerton, California",yes,yes,,,,,,,,,,,,
Charleston,South Carolina,"Charleston, South Carolina",yes,yes,,,,,,,,,,,,
West Valley City,Utah,"West Valley City, Utah",,,yes,,,,,,,,,,,
Visalia,California,"Visalia, California",,,yes,only 29,,,,,,,,,,
Hampton,Virginia,"Hampton, Virginia",yes,yes,,,,,,,,,,,,
Gainesville,Florida,"Gainesville, Florida",yes,yes,,,,,,,,,,,,
Warren,Michigan,"Warren, Michigan",,,yes,only 19,,,,,,,,,,
Coral Springs,Florida,"Coral Springs, Florida",yes,yes,,,,,,,,,,,,
Cedar Rapids,Iowa,"Cedar Rapids, Iowa",yes,yes,,,,,,,,,,,,
Round Rock,Texas,"Round Rock, Texas",,,yes,,,,,,,,,,,
Sterling Heights,Michigan,"Sterling Heights, Michigan",,,yes,,,,,,,,,,,
Kent,Washington,"Kent, Washington",yes,yes,,,,,,,,,,,,
Columbia,South Carolina,"Columbia, South Carolina",yes,yes,,,,,,,,,,,,
Santa Clara,California,"Santa Clara, California",yes,yes,,,,,,,,,,,,
New Haven,Connecticut,"New Haven, Connecticut",yes,yes,,,,,,,,,,,,
Stamford,Connecticut,"Stamford, Connecticut",yes,yes,,,,,,,,,,,,
Concord,California,"Concord, California",yes,yes,,,,,,,,,,,,
Elizabeth,New Jersey,"Elizabeth, New Jersey",,,yes,only 15,,,,,,,,,,
Athens,Georgia,"Athens, Georgia",,,yes,,,,,,,,,,,
Thousand Oaks,California,"Thousand Oaks, California",,,yes,,,,,,,,,,,
Lafayette,Louisiana,"Lafayette, Louisiana",yes,yes,,,,,,,,,,,,
Simi Valley,California,"Simi Valley, California",,,yes,only 29,,,,,,,,,,
Topeka,Kansas,"Topeka, Kansas",yes,yes,,,,,,,,,,,,
Norman,Oklahoma,"Norman, Oklahoma",,,yes,,,,,,,,,,,
Fargo,North Dakota,"Fargo, North Dakota",,,yes,,,,,,,,,,,
Wilmington,North Carolina,"Wilmington, North Carolina",yes,yes,,,,,,,,,,,,
Abilene,Texas,"Abilene, Texas",yes,yes,,,,,,,,,,,,
Odessa,Texas,"Odessa, Texas",,,yes,,,,,,,,,,,
Columbia,Missouri,"Columbia, Missouri",yes,yes,,,,,,,,,,,,
Pearland,Texas,"Pearland, Texas",,,yes,,,,,,,,,,,
Victorville,California,"Victorville, California",,,yes,only 19,,,,,,,,,,
Hartford,Connecticut,"Hartford, Connecticut",,,yes,,,,,,,,,,,
Vallejo,California,"Vallejo, California",yes,yes,,,,,,,,,,,,
Allentown,Pennsylvania,"Allentown, Pennsylvania",yes,yes,,,,,,,,,,,,
Berkeley,California,"Berkeley, California",yes,yes,,,,,,,,,,,,
Richardson,Texas,"Richardson, Texas",,,yes,,,,,,,,,,,
Arvada,Colorado,"Arvada, Colorado",yes,yes,,,,,,,,,,,,
Ann Arbor,Michigan,"Ann Arbor, Michigan",yes,yes,,,,,,,,,,,,
Rochester,Minnesota,"Rochester, Minnesota",yes,yes,,,,,,,,,,,,
Cambridge,Massachusetts,"Cambridge, Massachusetts",yes,yes,,,,,,,,,,,,
Sugar Land,Texas,"Sugar Land, Texas",,,yes,,,,,,,,,,,
Lansing,Michigan,"Lansing, Michigan",,,yes,,,,,,,,,,,
Evansville,Indiana,"Evansville, Indiana",yes,yes,,,,,,,,,,,,
College Station,Texas,"College Station, Texas",,,yes,,,,,,,,,,,
Fairfield,California,"Fairfield, California",,,yes,,,,,,,,,,,
Clearwater,Florida,"Clearwater, Florida",yes,yes,,,,,,,,,,,,
Beaumont,Texas,"Beaumont, Texas",yes,yes,,,,,,,,,,,,
Independence,Missouri,"Independence, Missouri",yes,yes,,,,,,,,,,,,
Provo,Utah,"Provo, Utah",yes,yes,,,,,,,,,,,,
West Jordan,Utah,"West Jordan, Utah",,,yes,only 16,,,,,,,,,,
Murrieta,California,"Murrieta, California",yes,yes,,,,,,,,,,,,
Palm Bay,Florida,"Palm Bay, Florida",,,yes,,,,,,,,,,,
El Monte,California,"El Monte, California",,,yes,,,,,,,,,,,
Carlsbad,California,"Carlsbad, California",yes,yes,,,,,,,,,,,,
North Charleston,South Carolina,"North Charleston, South Carolina",yes,yes,,,,,,,,,,,,
Temecula,California,"Temecula, California",yes,yes,,,,,,,,,,,,
Clovis,California,"Clovis, California",,,yes,only 22,,,,,,,,,,
Springfield,Illinois,"Springfield, Illinois",yes,yes,,,,,,,,,,,,
Meridian,Idaho,"Meridian, Idaho",,,yes,,,,,,,,,,,
Westminster,Colorado,"Westminster, Colorado",yes,yes,,,,,,,,,,,,
Costa Mesa,California,"Costa Mesa, California",yes,yes,,,,,,,,,,,,
High Point,North Carolina,"High Point, North Carolina",,,yes,,,,,,,,,,,
Manchester,New Hampshire,"Manchester, New Hampshire",yes,yes,,,,,,,,,,,,
Pueblo,Colorado,"Pueblo, Colorado",yes,yes,,,,,,,,,,,,
Lakeland,Florida,"Lakeland, Florida",yes,yes,,,,,,,,,,,,
Pompano Beach,Florida,"Pompano Beach, Florida",yes,yes,,,,,,,,,,,,
West Palm Beach,Florida,"West Palm Beach, Florida",,,yes,,,,,,,,,,,
Antioch,California,"Antioch, California",,,yes,,,,,,,,,,,
Everett,Washington,"Everett, Washington",yes,yes,,,,,,,,,,,,
Downey,California,"Downey, California",,,yes,only 11,,,,,,,,,,
Lowell,Massachusetts,"Lowell, Massachusetts",yes,yes,,,,,,,,,,,,
Centennial,Colorado,"Centennial, Colorado",yes,yes,,,,,,,,,,,,
Elgin,Illinois,"Elgin, Illinois",,,yes,only 24,,,,,,,,,,
Richmond,California,"Richmond, California",,,yes,only 26,,,,,,,,,,
Peoria,Illinois,"Peoria, Illinois",,,yes,,,,,,,,,,,
Broken Arrow,Oklahoma,"Broken Arrow, Oklahoma",,,yes,,,,,,,,,,,
Miami Gardens,Florida,"Miami Gardens, Florida",,,yes,,,,,,,,,,,
Billings,Montana,"Billings, Montana",yes,yes,,,,,,,,,,,,
Jurupa Valley,California,"Jurupa Valley, California",,,yes,,,,,,,,,,,
Sandy Springs,Georgia,"Sandy Springs, Georgia",,,yes,,,,,,,,,,,
Gresham,Oregon,"Gresham, Oregon",,,yes,,,,,,,,,,,
Lewisville,Texas,"Lewisville, Texas",yes,yes,,,,,,,,,,,,
Hillsboro,Oregon,"Hillsboro, Oregon",,,yes,,,,,,,,,,,
Ventura,California,"Ventura, California",yes,yes,,,,,,,,,,,,
Greeley,Colorado,"Greeley, Colorado",yes,yes,,,,,,,,,,,,
Inglewood,California,"Inglewood, California",,,yes,only 14,,,,,,,,,,
Waterbury,Connecticut,"Waterbury, Connecticut",,,yes,only 26,,,,,,,,,,
League City,Texas,"League City, Texas",,,yes,,,,,,,,,,,
Santa Maria,California,"Santa Maria, California",yes,yes,,,,,,,,,,,,
Tyler,Texas,"Tyler, Texas",,,yes,,,,,,,,,,,
Davie,Florida,"Davie, Florida",,,yes,,,,,,,,,,,
Daly City,California,"Daly City, California",,,yes,,,,,,,,,,,
Boulder,Colorado,"Boulder, Colorado",yes,yes,,,,,,,,,,,,
Allen,Texas,"Allen, Texas",,,yes,,,,,,,,,,,
West Covina,California,"West Covina, California",,,yes,,,,,,,,,,,
Sparks,Nevada,"Sparks, Nevada",yes,yes,,,,,,,,,,,,
Wichita Falls,Texas,"Wichita Falls, Texas",,,yes,,,,,,,,,,,
Green Bay,Wisconsin,"Green Bay, Wisconsin",,,yes,,,,,,,,,,,
San Mateo,California,"San Mateo, California",yes,yes,,,,,,,,,,,,
Norwalk,California,"Norwalk, California",,,yes,only 6,,,,,,,,,,
Rialto,California,"Rialto, California",,,yes,,,,,,,,,,,
Las Cruces,New Mexico,"Las Cruces, New Mexico",,,yes,,,,,,,,,,,
Chico,California,"Chico, California",yes,yes,,,,,,,,,,,,
El Cajon,California,"El Cajon, California",yes,yes,,,,,,,,,,,,
Burbank,California,"Burbank, California",yes,yes,,,,,,,,,,,,
South Bend,Indiana,"South Bend, Indiana",,,yes,error writing?,,,,,,,,,,
Renton,Washington,"Renton, Washington",yes,yes,,,,,,,,,,,,
Vista,California,"Vista, California",,,yes,,,,,,,,,,,
Davenport,Iowa,"Davenport, Iowa",yes,yes,,,,,,,,,,,,
Edinburg,Texas,"Edinburg, Texas",,,yes,only 15,,,,,,,,,,
Tuscaloosa,Alabama,"Tuscaloosa, Alabama",yes,yes,,,,,,,,,,,,
Carmel,Indiana,"Carmel, Indiana",yes,yes,,,,,,,,,,,,
Spokane Valley,Washington,"Spokane Valley, Washington",yes,yes,,,,,,,,,,,,
San Angelo,Texas,"San Angelo, Texas",yes,yes,,,,,,,,,,,,
Vacaville,California,"Vacaville, California",yes,yes,,,,,,,,,,,,
Bend,Oregon,"Bend, Oregon",yes,yes,,,,,,,,,,,,
,,Russia,yes,yes,,,,,,,,,,,,
,,Ukraine,yes,yes,,,,,,,,,,,,
,,France,yes,yes,,,,,,,,,,,,
,,Spain,yes,yes,,,,,,,,,,,,
,,Sweden,yes,yes,,,,,,,,,,,,
,,Norway,yes,yes,,,,,,,,,,,,
,,Germany,yes,yes,,,,,,,,,,,,
,,Finland,yes,yes,,,,,,,,,,,,
,,Poland,,,yes,error writing?,,,,,,,,,,
,,Italy,yes,yes,,,,,,,,,,,,
,,United Kingdom,,,yes,,,,,,,,,,,
,,Romania,,,yes,error writing?,,,,,,,,,,
,,Belarus,yes,yes,,,,,,,,,,,,
,,Kazakhstan,,,yes,error writing?,,,,,,,,,,
,,Greece,yes,yes,,,,,,,,,,,,
,,Bulgaria,yes,yes,,,,,,,,,,,,
,,Iceland,yes,yes,,,yes,yes,,,,,yes,yes,,
,,Hungary,,,yes,error writing?,,,,,,,,,,
,,Portugal,yes,yes,,,,,,,,,,,,
,,Austria,yes,yes,,,,,,,,,,,,
,,Czech Republic,yes,yes,,,,,,,,,,,,
,,Serbia,yes,yes,,,,,,,,,,,,
,,Ireland,yes,yes,,,,,,,,,,,,
,,Lithuania,yes,yes,,,,,,,,,,,,
,,Latvia,,,yes,error writing?,,,,,,,,,,
,,Croatia,,,yes,error writing?,,,,,,,,,,
,,Bosnia and Herzegovina,,,yes,,,,,,,,,,,
,,Slovakia,,,yes,error writing?,,,,,,,,,,
,,Estonia,yes,yes,,,,,,,,,,,,
,,Denmark,,,yes,,,,,,,,,,,
,,Switzerland,yes,yes,,,,,,,,,,,,
,,Netherlands,,,yes,,,,,,,,,,,
,,Moldova,,,yes,error writing?,,,,,,,,,,
,,Belgium,yes,yes,,,,,,,,,,,,
,,Armenia,,,yes,,,,,,,,,,,
,,Albania,yes,yes,,,,,,,,,,,,
,,North Macedonia,yes,yes,,,,,,,,,,,,
,,Turkey,,,yes,error writing?,,,,,,,,,,
,,Slovenia,yes,yes,,,,,,,,,,,,
,,Montenegro,,,yes,,,,,,,,,,,
,,Kosovo,yes,yes,,,,,,,,,,,,
,,Azerbaijan,yes,yes,,,,,,,,,,,,
,,Cyprus,yes,yes,,,,,,,,,,,,
,,Luxembourg,yes,yes,,,,,,,,,,,,
,,Georgia,,,yes,,,,,,,,,,,
,,Andorra,yes,yes,,,,,,,,,,,,
,,Malta,,,yes,,,,,,,,,,,
,,Liechtenstein,yes,yes,,,,,,,,,,,,
,,San Marino,,,yes,,,,,,,,,,,
,,Monaco,yes,yes,,,,,,,,,,,,
,,Vatican City,,,yes,,,,,,,,,,,
Moscow,Russia,"Moscow, Russia",yes,yes,,,,,,,,,,,,
London,United Kingdom,"London, United Kingdom",yes,yes,,,yes,yes,,,,,,,,
Saint Petersburg,Russia,"Saint Petersburg, Russia",yes,yes,,,,,,,,,,,,
Berlin,Germany,"Berlin, Germany",yes,yes,,,,,,,,,,,,
Madrid,Spain,"Madrid, Spain",yes,yes,,,,,,,,,,,,
Kyiv,Ukraine,"Kyiv, Ukraine",yes,yes,,,,,,,,,,,,
Rome,Italy,"Rome, Italy",yes,yes,,,,,,,,,,,,
Paris,France,"Paris, France",yes,yes,,,,,,,,,,,,
Bucharest,Romania,"Bucharest, Romania",,,yes,writing error,,,,,,,,,,
Minsk,Belarus,"Minsk, Belarus",yes,yes,,,,,,,,,,,,
Budapest,Hungary,"Budapest, Hungary",yes,yes,,,,,,,,,,,,
Hamburg,Germany,"Hamburg, Germany",yes,yes,,,,,,,,,,,,
Warsaw,Poland,"Warsaw, Poland",,,yes,writing error,,,,,,,,,,
Vienna,Austria,"Vienna, Austria",yes,yes,,,,,,,,,,,,
Barcelona,Spain,"Barcelona, Spain",yes,yes,,,,,,,,,,,,
Stockholm,Sweden,"Stockholm, Sweden",yes,yes,,,,,,,,,,,,
Kharkiv,Ukraine,"Kharkiv, Ukraine",,,yes,,,,,,,,,,,
Novosibirsk,Russia,"Novosibirsk, Russia",,,yes,,,,,,,,,,,
Yekaterinburg,Russia,"Yekaterinburg, Russia",yes,yes,,,,,,,,,,,,
Nizhniy Novgorod,Russia,"Nizhniy Novgorod, Russia",,,yes,,,,,,,,,,,
Belgrade,Serbia,"Belgrade, Serbia",,,yes,"writing error, has 18",,,,,,,,,,
Munich,Germany,"Munich, Germany",yes,yes,,,,,,,,,,,,
Milan,Italy,"Milan, Italy",yes,yes,,,,,,,,,,,,
Prague,Czech Republic,"Prague, Czech Republic",,,yes,writing error,,,,,,,,,,
Copenhagen,Denmark,"Copenhagen, Denmark",yes,yes,,,,,,,,,,,,
Sofia,Bulgaria,"Sofia, Bulgaria",yes,yes,,,,,,,,,,,,
Samara,Russia,"Samara, Russia",yes,yes,,,,,,,,,,,,
Omsk,Russia,"Omsk, Russia",,,yes,,,,,,,,,,,
Kazan,Russia,"Kazan, Russia",yes,yes,,,,,,,,,,,,
Rostov-na-Donu,Russia,"Rostov-na-Donu, Russia",,,yes,,,,,,,,,,,
Chelyabinsk,Russia,"Chelyabinsk, Russia",,,yes,,,,,,,,,,,
Ufa,Russia,"Ufa, Russia",yes,yes,,,,,,,,,,,,
Dnipro,Ukraine,"Dnipro, Ukraine",,,yes,,,,,,,,,,,
Donetsk,Ukraine,"Donetsk, Ukraine",,,yes,,,,,,,,,,,
Dublin,Ireland,"Dublin, Ireland",yes,yes,,,,,,,,,,,,
Brussels,Belgium,"Brussels, Belgium",yes,yes,,,,,,,,,,,,
Volgograd,Russia,"Volgograd, Russia",,,yes,,,,,,,,,,,
Odessa,Ukraine,"Odessa, Ukraine",,,yes,,,,,,,,,,,
Birmingham,United Kingdom,"Birmingham, United Kingdom",yes,yes,,,,,,,,,,,,
Perm,Russia,"Perm, Russia",,,yes,,,,,,,,,,,
Koeln,Germany,"Koeln, Germany",,,yes,,,,,,,,,,,
Naples,Italy,"Naples, Italy",,,yes,,,,,,,,,,,
Krasnoyarsk,Russia,"Krasnoyarsk, Russia",,,yes,,,,,,,,,,,
Turin,Italy,"Turin, Italy",yes,yes,,,,,,,,,,,,
Liverpool,United Kingdom,"Liverpool, United Kingdom",yes,yes,,,,,,,,,,,,
Saratov,Russia,"Saratov, Russia",,,yes,,,,,,,,,,,
Voronezh,Russia,"Voronezh, Russia",,,yes,,,,,,,,,,,
Valencia,Spain,"Valencia, Spain",yes,yes,,,,,,,,,,,,
Zaporizhia,Ukraine,"Zaporizhia, Ukraine",yes,yes,,,,,,,,,,,,
Marseille,France,"Marseille, France",yes,yes,,,,,,,,,,,,
Lodz,Poland,"Lodz, Poland",,,yes,writing error,,,,,,,,,,
Krakow,Poland,"Krakow, Poland",,,yes,writing error,,,,,,,,,,
Riga,Latvia,"Riga, Latvia",yes,yes,,,,,,,,,,,,
Amsterdam,Netherlands,"Amsterdam, Netherlands",yes,yes,,,,,,,,,,,,
Nottingham,United Kingdom,"Nottingham, United Kingdom",yes,yes,,,,,,,,,,,,
Lviv,Ukraine,"Lviv, Ukraine",,,yes,writing error,,,,,,,,,,
Sevilla,Spain,"Sevilla, Spain",yes,yes,,,,,,,,,,,,
Tol'yatti,Russia,"Tol'yatti, Russia",,,yes,,,,,,,,,,,
Zagreb,Croatia,"Zagreb, Croatia",,,yes,writing error,,,,,,,,,,
Sarajevo,Bosnia And Herzegovina,"Sarajevo, Bosnia And Herzegovina",,,yes,,,,,,,,,,,
Sheffield,United Kingdom,"Sheffield, United Kingdom",yes,yes,,,,,,,,,,,,
Zaragoza,Spain,"Zaragoza, Spain",yes,yes,,,,,,,,,,,,
Athens,Greece,"Athens, Greece",yes,yes,,,,,,,,,,,,
Kryvyi Rih,Ukraine,"Kryvyi Rih, Ukraine",,,yes,,,,,,,,,,,
Frankfurt am Main,Germany,"Frankfurt am Main, Germany",,,yes,,,,,,,,,,,
Krasnodar,Russia,"Krasnodar, Russia",,,yes,,,,,,,,,,,
Palermo,Italy,"Palermo, Italy",yes,yes,,,,,,,,,,,,
Ulyanovsk,Russia,"Ulyanovsk, Russia",,,yes,,,,,,,,,,,
Chisinau,Moldova,"Chisinau, Moldova",,,yes,writing error,,,,,,,,,,
Wroclaw,Poland,"Wroclaw, Poland",,,yes,writing error,,,,,,,,,,
Izhevsk,Russia,"Izhevsk, Russia",yes,yes,,,,,,,,,,,,
Bristol,United Kingdom,"Bristol, United Kingdom",yes,yes,,,,,,,,,,,,
Yaroslavl,Russia,"Yaroslavl, Russia",yes,yes,,,,,,,,,,,,
Barnaul,Russia,"Barnaul, Russia",yes,yes,,,,,,,,,,,,
Rotterdam,Netherlands,"Rotterdam, Netherlands",yes,yes,,,,,,,,,,,,
Essen,Germany,"Essen, Germany",yes,yes,,,,,,,,,,,,
Glasgow,United Kingdom,"Glasgow, United Kingdom",,,yes,,,,,,,,,,,
Stuttgart,Germany,"Stuttgart, Germany",yes,yes,,,,,,,,,,,,
Dortmund,Germany,"Dortmund, Germany",yes,yes,,,,,,,,,,,,
Vladivostok,Russia,"Vladivostok, Russia",yes,yes,,,,,,,,,,,,
Irkutsk,Russia,"Irkutsk, Russia",,,yes,,,,,,,,,,,
Genoa,Italy,"Genoa, Italy",yes,yes,,,,,,,,,,,,
Oslo,Norway,"Oslo, Norway",yes,yes,,,,,,,,,,,,
Khabarovsk,Russia,"Khabarovsk, Russia",,,yes,,,,,,,,,,,
Khabarovsk Vtoroy,Russia,"Khabarovsk Vtoroy, Russia",,,yes,,,,,,,,,,,
Duesseldorf,Germany,"Duesseldorf, Germany",yes,yes,,,,,,,,,,,,
Goeteborg,Sweden,"Goeteborg, Sweden",,,yes,,,,,,,,,,,
Poznan,Poland,"Poznan, Poland",,,yes,writing error,,,,,,,,,,
Malaga,Spain,"Malaga, Spain",yes,yes,,,,,,,,,,,,
Helsinki,Finland,"Helsinki, Finland",yes,yes,,,,,,,,,,,,
Orenburg,Russia,"Orenburg, Russia",,,yes,,,,,,,,,,,
Bremen,Germany,"Bremen, Germany",yes,yes,,,,,,,,,,,,
Vilnius,Lithuania,"Vilnius, Lithuania",yes,yes,,,,,,,,,,,,
Novokuznetsk,Russia,"Novokuznetsk, Russia",yes,yes,,,,,,,,,,,,
Ryazan',Russia,"Ryazan', Russia",,,yes,,,,,,,,,,,
Tyumen,Russia,"Tyumen, Russia",,,yes,,,,,,,,,,,
Lisbon,Portugal,"Lisbon, Portugal",yes,yes,,,,,,,,,,,,
Lipetsk,Russia,"Lipetsk, Russia",,,yes,,,,,,,,,,,
Hannover,Germany,"Hannover, Germany",yes,yes,,,,,,,,,,,,
Penza,Russia,"Penza, Russia",,,yes,,,,,,,,,,,
Mykolayiv,Ukraine,"Mykolayiv, Ukraine",,,yes,,,,,,,,,,,
Naberezhnyye Chelny,Russia,"Naberezhnyye Chelny, Russia",,,yes,,,,,,,,,,,
Leicester,United Kingdom,"Leicester, United Kingdom",,,yes,,,,,,,,,,,
Leipzig,Germany,"Leipzig, Germany",yes,yes,,,,,,,,,,,,
Kalininskiy,Russia,"Kalininskiy, Russia",,,yes,,,,,,,,,,,
Duisburg,Germany,"Duisburg, Germany",yes,yes,,,,,,,,,,,,
Astrakhan,Russia,"Astrakhan, Russia",,,yes,,,,,,,,,,,
Nuernberg,Germany,"Nuernberg, Germany",,,yes,,,,,,,,,,,
Makhachkala,Russia,"Makhachkala, Russia",yes,yes,,,,,,,,,,,,
Dresden,Germany,"Dresden, Germany",yes,yes,,,,,,,,,,,,
Tomsk,Russia,"Tomsk, Russia",,,yes,,,,,,,,,,,
Mariupol,Ukraine,"Mariupol, Ukraine",,,yes,only 15,,,,,,,,,,
Gomel,Belarus,"Gomel, Belarus",,,yes,,,,,,,,,,,
Kemerovo,Russia,"Kemerovo, Russia",,,yes,,,,,,,,,,,
Skopje,Macedonia,"Skopje, Macedonia",yes,yes,,,,,,,,,,,,
The Hague,Netherlands,"The Hague, Netherlands",,,yes,,,,,,,,,,,
Lyon,France,"Lyon, France",yes,yes,,,,,,,,,,,,
Tula,Russia,"Tula, Russia",yes,yes,,,,,,,,,,,,
Edinburgh,United Kingdom,"Edinburgh, United Kingdom",yes,yes,,,,,,,,,,,,
Gdansk,Poland,"Gdansk, Poland",,,yes,writing error,,,,,,,,,,
Antwerpen,Belgium,"Antwerpen, Belgium",,,yes,,,,,,,,,,,
Kirov,Russia,"Kirov, Russia",,,yes,,,,,,,,,,,
Leeds,United Kingdom,"Leeds, United Kingdom",,,yes,,,,,,,,,,,
Luhansk,Ukraine,"Luhansk, Ukraine",,,yes,,,,,,,,,,,
Cardiff,United Kingdom,"Cardiff, United Kingdom",yes,yes,,,,,,,,,,,,
Cheboksary,Russia,"Cheboksary, Russia",yes,yes,,,,,,,,,,,,
Murcia,Spain,"Murcia, Spain",,,yes,,,,,,,,,,,
Kaliningrad,Russia,"Kaliningrad, Russia",,,yes,,,,,,,,,,,
Toulouse,France,"Toulouse, France",yes,yes,,,,,,,,,,,,
Bryansk,Russia,"Bryansk, Russia",,,yes,,,,,,,,,,,
Bratislava,Slovakia,"Bratislava, Slovakia",yes,yes,,,,,,,,,,,,
Ivanovo,Russia,"Ivanovo, Russia",,,yes,,,,,,,,,,,
Sevastopol,Ukraine,"Sevastopol, Ukraine",,,yes,,,,,,,,,,,
Magnitogorsk,Russia,"Magnitogorsk, Russia",yes,yes,,,,,,,,,,,,
Wandsbek,Germany,"Wandsbek, Germany",,,yes,,,,,,,,,,,
Kursk,Russia,"Kursk, Russia",,,yes,,,,,,,,,,,
Szczecin,Poland,"Szczecin, Poland",,,yes,writing error,,,,,,,,,,
Palma,Spain,"Palma, Spain",,,yes,,,,,,,,,,,
Tver,Russia,"Tver, Russia",,,yes,,,,,,,,,,,
Khmelnytskyi,Ukraine,"Khmelnytskyi, Ukraine",,,yes,,,,,,,,,,,
Manchester,United Kingdom,"Manchester, United Kingdom",,,yes,,,,,,,,,,,
Tallinn,Estonia,"Tallinn, Estonia",yes,yes,,,,,,,,,,,,
Bochum,Germany,"Bochum, Germany",yes,yes,,,,,,,,,,,,
Sector 3,Romania,"Sector 3, Romania",,,yes,,,,,,,,,,,
Las Palmas de Gran Canaria,Spain,"Las Palmas de Gran Canaria, Spain",,,yes,,,,,,,,,,,
Nizhny Tagil,Russia,"Nizhny Tagil, Russia",,,yes,,,,,,,,,,,
Bochum-Hordel,Germany,"Bochum-Hordel, Germany",yes,yes,,,,,,,,,,,,
Makiyivka,Ukraine,"Makiyivka, Ukraine",,,yes,,,,,,,,,,,
Tirana,Albania,"Tirana, Albania",yes,yes,,,,,,,,,,,,
Kaunas,Lithuania,"Kaunas, Lithuania",yes,yes,,,,,,,,,,,,
Stoke-on-Trent,United Kingdom,"Stoke-on-Trent, United Kingdom",,,yes,,,,,,,,,,,
Brno,Czech Republic,"Brno, Czech Republic",yes,yes,,,,,,,,,,,,
Mahilyow,Belarus,"Mahilyow, Belarus",,,yes,,,,,,,,,,,
Sector 6,Romania,"Sector 6, Romania",,,yes,,,,,,,,,,,
Bydgoszcz,Poland,"Bydgoszcz, Poland",,,yes,writing error,,,,,,,,,,
Bologna,Italy,"Bologna, Italy",yes,yes,,,,,,,,,,,,
Stavropol',Russia,"Stavropol', Russia",,,yes,,,,,,,,,,,
Wuppertal,Germany,"Wuppertal, Germany",yes,yes,,,,,,,,,,,,
Ulan-Ude,Russia,"Ulan-Ude, Russia",yes,yes,,,,,,,,,,,,
Lublin,Poland,"Lublin, Poland",,,yes,,,,,,,,,,,
Coventry,United Kingdom,"Coventry, United Kingdom",,,yes,,,,,,,,,,,
Arkhangel'sk,Russia,"Arkhangel'sk, Russia",,,yes,,,,,,,,,,,
Bilbao,Spain,"Bilbao, Spain",yes,yes,,,,,,,,,,,,
Thessaloniki,Greece,"Thessaloniki, Greece",yes,yes,,,,,,,,,,,,
Vinnytsia,Ukraine,"Vinnytsia, Ukraine",,,yes,,,,,,,,,,,
Florence,Italy,"Florence, Italy",yes,yes,,,,,,,,,,,,
Sector 2,Romania,"Sector 2, Romania",,,yes,,,,,,,,,,,
Belgorod,Russia,"Belgorod, Russia",,,yes,,,,,,,,,,,
Kurgan,Russia,"Kurgan, Russia",,,yes,,,,,,,,,,,
Vitebsk,Belarus,"Vitebsk, Belarus",,,yes,,,,,,,,,,,
Zurich,Switzerland,"Zurich, Switzerland",yes,yes,,,,,,,,,,,,
Plovdiv,Bulgaria,"Plovdiv, Bulgaria",yes,yes,,,,,,,,,,,,
Kaluga,Russia,"Kaluga, Russia",,,yes,,,,,,,,,,,
Nice,France,"Nice, France",yes,yes,,,,,,,,,,,,
Krasnogvargeisky,Russia,"Krasnogvargeisky, Russia",,,yes,,,,,,,,,,,
Simferopol,Ukraine,"Simferopol, Ukraine",,,yes,,,,,,,,,,,
Sunderland,United Kingdom,"Sunderland, United Kingdom",,,yes,,,,,,,,,,,
Alicante,Spain,"Alicante, Spain",yes,yes,,,,,,,,,,,,
Bielefeld,Germany,"Bielefeld, Germany",yes,yes,,,,,,,,,,,,
Cordoba,Spain,"Cordoba, Spain",yes,yes,,,,,,,,,,,,
Sochi,Russia,"Sochi, Russia",yes,yes,,,,,,,,,,,,
Birkenhead,United Kingdom,"Birkenhead, United Kingdom",,,yes,,,,,,,,,,,
Orel,Russia,"Orel, Russia",,,yes,,,,,,,,,,,
Volzhskiy,Russia,"Volzhskiy, Russia",,,yes,,,,,,,,,,,
Smolensk,Russia,"Smolensk, Russia",,,yes,,,,,,,,,,,
Kherson,Ukraine,"Kherson, Ukraine",,,yes,,,,,,,,,,,
Murmansk,Russia,"Murmansk, Russia",,,yes,,,,,,,,,,,
Islington,United Kingdom,"Islington, United Kingdom",,,yes,,,,,,,,,,,
Reading,United Kingdom,"Reading, United Kingdom",,,yes,,,,,,,,,,,
Iasi,Romania,"Iasi, Romania",,,yes,writing error,,,,,,,,,,
Valladolid,Spain,"Valladolid, Spain",yes,yes,,,,,,,,,,,,
Poltava,Ukraine,"Poltava, Ukraine",,,yes,,,,,,,,,,,
Vladikavkaz,Russia,"Vladikavkaz, Russia",yes,yes,,,,,,,,,,,,
Hrodna,Belarus,"Hrodna, Belarus",,,yes,,,,,,,,,,,
Katowice,Poland,"Katowice, Poland",,,yes,writing error,,,,,,,,,,
Cluj-Napoca,Romania,"Cluj-Napoca, Romania",yes,yes,,,,,,,,,,,,
Cherepovets,Russia,"Cherepovets, Russia",yes,yes,,,,,,,,,,,,
Timisoara,Romania,"Timisoara, Romania",,,yes,writing error,,,,,,,,,,
Vologda,Russia,"Vologda, Russia",,,yes,,,,,,,,,,,
Kingston upon Hull,United Kingdom,"Kingston upon Hull, United Kingdom",,,yes,,,,,,,,,,,
Preston,United Kingdom,"Preston, United Kingdom",yes,yes,,,,,,,,,,,,
Bonn,Germany,"Bonn, Germany",yes,yes,,,,,,,,,,,,
Ostrava,Czech Republic,"Ostrava, Czech Republic",yes,yes,,,,,,,,,,,,
Varna,Bulgaria,"Varna, Bulgaria",,,yes,,,,,,,,,,,
Vladimir,Russia,"Vladimir, Russia",,,yes,,,,,,,,,,,
Chita,Russia,"Chita, Russia",yes,yes,,,,,,,,,,,,
Mannheim,Germany,"Mannheim, Germany",yes,yes,,,,,,,,,,,,
Chernihiv,Ukraine,"Chernihiv, Ukraine",,,yes,,,,,,,,,,,
Newport,United Kingdom,"Newport, United Kingdom",,,yes,,,,,,,,,,,
Craiova,Romania,"Craiova, Romania",yes,yes,,,,,,,,,,,,
Constanta,Romania,"Constanta, Romania",yes,yes,,,,,,,,,,,,
Saransk,Russia,"Saransk, Russia",yes,yes,,,,,,,,,,,,
Malmoe,Sweden,"Malmoe, Sweden",yes,yes,,,,,,,,,,,,
Brest,Belarus,"Brest, Belarus",,,yes,,,,,,,,,,,
Surgut,Russia,"Surgut, Russia",yes,yes,,,,,,,,,,,,
Swansea,United Kingdom,"Swansea, United Kingdom",yes,yes,,,,,,,,,,,,
Bradford,United Kingdom,"Bradford, United Kingdom",,,yes,,,,,,,,,,,
Cherkasy,Ukraine,"Cherkasy, Ukraine",,,yes,,,,,,,,,,,
Vigo,Spain,"Vigo, Spain",yes,yes,,,,,,,,,,,,
Southend-on-Sea,United Kingdom,"Southend-on-Sea, United Kingdom",,,yes,,,,,,,,,,,
Sumy,Ukraine,"Sumy, Ukraine",,,yes,,,,,,,,,,,
Galati,Romania,"Galati, Romania",,,yes,only 19,,,,,,,,,,
Bialystok,Poland,"Bialystok, Poland",yes,yes,yes,"writing error, has 15",,,,,,,,,,
Tambov,Russia,"Tambov, Russia",,,yes,,,,,,,,,,,
Catania,Italy,"Catania, Italy",yes,yes,,,,,,,,,,,,
Utrecht,Netherlands,"Utrecht, Netherlands",yes,yes,,,,,,,,,,,,
Sector 4,Romania,"Sector 4, Romania",,,yes,,,,,,,,,,,
Marienthal,Germany,"Marienthal, Germany",,,yes,,,,,,,,,,,
Karlsruhe,Germany,"Karlsruhe, Germany",yes,yes,,,,,,,,,,,,
Zhytomyr,Ukraine,"Zhytomyr, Ukraine",,,yes,,,,,,,,,,,
Hamburg-Nord,Germany,"Hamburg-Nord, Germany",,,yes,,,,,,,,,,,
Yoshkar-Ola,Russia,"Yoshkar-Ola, Russia",yes,yes,,,,,,,,,,,,
Taganrog,Russia,"Taganrog, Russia",,,yes,writing error,,,,,,,,,,
Horlivka,Ukraine,"Horlivka, Ukraine",,,yes,only 16,,,,,,,,,,
Kostroma,Russia,"Kostroma, Russia",yes,yes,,,,,,,,,,,,
Gijon,Spain,"Gijon, Spain",yes,yes,,,,,,,,,,,,
Bari,Italy,"Bari, Italy",yes,yes,,,,,,,,,,,,
Nantes,France,"Nantes, France",yes,yes,,,,,,,,,,,,
Brasov,Romania,"Brasov, Romania",yes,yes,yes,"writing error, has 22",,,,,,,,,,
Komsomolsk-on-Amur,Russia,"Komsomolsk-on-Amur, Russia",,,yes,,,,,,,,,,,
Strasbourg,France,"Strasbourg, France",yes,yes,,,,,,,,,,,,
Belfast,United Kingdom,"Belfast, United Kingdom",yes,yes,,,,,,,,,,,,
Nal'chik,Russia,"Nal'chik, Russia",,,yes,,,,,,,,,,,
Wiesbaden,Germany,"Wiesbaden, Germany",yes,yes,,,,,,,,,,,,
Ljubljana,Slovenia,"Ljubljana, Slovenia",,,yes,writing error,,,,,,,,,,
Sector 5,Romania,"Sector 5, Romania",,,yes,,,,,,,,,,,
Derby,United Kingdom,"Derby, United Kingdom",,,yes,,,,,,,,,,,
Muenster,Germany,"Muenster, Germany",yes,yes,,,,,,,,,,,,
Gelsenkirchen,Germany,"Gelsenkirchen, Germany",yes,yes,,,,,,,,,,,,
Sterlitamak,Russia,"Sterlitamak, Russia",yes,yes,,,,,,,,,,,,
Eixample,Spain,"Eixample, Spain",yes,yes,,,,,,,,,,,,
Aachen,Germany,"Aachen, Germany",,,yes,,,,,,,,,,,
Petrozavodsk,Russia,"Petrozavodsk, Russia",,,yes,,,,,,,,,,,
Moenchengladbach,Germany,"Moenchengladbach, Germany",,,yes,,,,,,,,,,,
Plymouth,United Kingdom,"Plymouth, United Kingdom",yes,yes,,,,,,,,,,,,
Augsburg,Germany,"Augsburg, Germany",yes,yes,,,,,,,,,,,,
Luton,United Kingdom,"Luton, United Kingdom",yes,yes,,,,,,,,,,,,
L'Hospitalet de Llobregat,Spain,"L'Hospitalet de Llobregat, Spain",,,yes,,,,,,,,,,,
Espoo,Finland,"Espoo, Finland",yes,yes,,,,,,,,,,,,
Latina,Spain,"Latina, Spain",yes,yes,,,,,,,,,,,,
Bratsk,Russia,"Bratsk, Russia",,,yes,writing error,,,,,,,,,,
Rivne,Ukraine,"Rivne, Ukraine",,,yes,,,,,,,,,,,
Gdynia,Poland,"Gdynia, Poland",,,yes,writing error,,,,,,,,,,
Carabanchel,Spain,"Carabanchel, Spain",yes,yes,,,,,,,,,,,,
Wolverhampton,United Kingdom,"Wolverhampton, United Kingdom",,,yes,,,,,,,,,,,
Eimsbuettel,Germany,"Eimsbuettel, Germany",,,yes,,,,,,,,,,,
Altona,Germany,"Altona, Germany",,,yes,,,,,,,,,,,
Nis,Serbia,"Nis, Serbia",yes,yes,,,,,,,,,,,,
Porto,Portugal,"Porto, Portugal",yes,yes,,,,,,,,,,,,
Kropyvnytskyi,Ukraine,"Kropyvnytskyi, Ukraine",yes,yes,,,,,,,,,,,,
Kamianske,Ukraine,"Kamianske, Ukraine",,,yes,only 5,,,,,,,,,,
Montpellier,France,"Montpellier, France",yes,yes,,,,,,,,,,,,
Czestochowa,Poland,"Czestochowa, Poland",,,yes,writing error,,,,,,,,,,
City of Westminster,United Kingdom,"City of Westminster, United Kingdom",,,yes,,,,,,,,,,,
Chemnitz,Germany,"Chemnitz, Germany",yes,yes,,,,,,,,,,,,
Orsk,Russia,"Orsk, Russia",,,yes,,,,,,,,,,,
Southampton,United Kingdom,"Southampton, United Kingdom",,,yes,,,,,,,,,,,
A Coruna,Spain,"A Coruna, Spain",,,yes,,,,,,,,,,,
Nizhnevartovsk,Russia,"Nizhnevartovsk, Russia",yes,yes,,,,,,,,,,,,
Braunschweig,Germany,"Braunschweig, Germany",yes,yes,,,,,,,,,,,,
Puente de Vallecas,Spain,"Puente de Vallecas, Spain",,,yes,,,,,,,,,,,
Angarsk,Russia,"Angarsk, Russia",,,yes,only 28,,,,,,,,,,
Mar'ino,Russia,"Mar'ino, Russia",,,yes,,,,,,,,,,,
Novorossiysk,Russia,"Novorossiysk, Russia",yes,yes,,,,,,,,,,,,
Khimki,Russia,"Khimki, Russia",yes,yes,,,,,,,,,,,,
Blackpool,United Kingdom,"Blackpool, United Kingdom",,,yes,,,,,,,,,,,
Krefeld,Germany,"Krefeld, Germany",yes,yes,,,,,,,,,,,,
Arhus,Denmark,"Arhus, Denmark",,,yes,,,,,,,,,,,
Kosice,Slovakia,"Kosice, Slovakia",,,yes,writing error,,,,,,,,,,
Chernivtsi,Ukraine,"Chernivtsi, Ukraine",,,yes,,,,,,,,,,,
Sant Marti,Spain,"Sant Marti, Spain",,,yes,,,,,,,,,,,
Ternopil,Ukraine,"Ternopil, Ukraine",,,yes,,,,,,,,,,,
Gasteiz / Vitoria,Spain,"Gasteiz / Vitoria, Spain",,,yes,,,,,,,,,,,
Yakutsk,Russia,"Yakutsk, Russia",yes,yes,,,,,,,,,,,,
Granada,Spain,"Granada, Spain",yes,yes,,,,,,,,,,,,
Nizhnekamsk,Russia,"Nizhnekamsk, Russia",,,yes,only 18,,,,,,,,,,
Halle (Saale),Germany,"Halle (Saale), Germany",yes,yes,,,,,,,,,,,,
Hamburg-Mitte,Germany,"Hamburg-Mitte, Germany",,,yes,,,,,,,,,,,
Dzerzhinsk,Russia,"Dzerzhinsk, Russia",,,yes,only 28,,,,,,,,,,
Kiel,Germany,"Kiel, Germany",yes,yes,,,,,,,,,,,,
Bordeaux,France,"Bordeaux, France",yes,yes,,,,,,,,,,,,
Gent,Belgium,"Gent, Belgium",,,yes,,,,,,,,,,,
Syktyvkar,Russia,"Syktyvkar, Russia",,,yes,writing error,,,,,,,,,,
Elche,Spain,"Elche, Spain",yes,yes,,,,,,,,,,,,
Milton Keynes,United Kingdom,"Milton Keynes, United Kingdom",,,yes,,,,,,,,,,,
Magdeburg,Germany,"Magdeburg, Germany",yes,yes,,,,,,,,,,,,
Ploiesti,Romania,"Ploiesti, Romania",,,yes,only 20,,,,,,,,,,
Lille,France,"Lille, France",yes,yes,,,,,,,,,,,,
Ciudad Lineal,Spain,"Ciudad Lineal, Spain",,,yes,,,,,,,,,,,
Bexley,United Kingdom,"Bexley, United Kingdom",,,yes,,,,,,,,,,,
Kremenchuk,Ukraine,"Kremenchuk, Ukraine",,,yes,only 14,,,,,,,,,,
Sosnowiec,Poland,"Sosnowiec, Poland",,,yes,only 22,,,,,,,,,,
Staryy Oskol,Russia,"Staryy Oskol, Russia",,,yes,,,,,,,,,,,
Neue Neustadt,Germany,"Neue Neustadt, Germany",,,yes,,,,,,,,,,,
Radom,Poland,"Radom, Poland",,,yes,writing error,,,,,,,,,,
Groznyy,Russia,"Groznyy, Russia",,,yes,,,,,,,,,,,
Sector 1,Romania,"Sector 1, Romania",,,yes,,,,,,,,,,,
Oviedo,Spain,"Oviedo, Spain",yes,yes,,,,,,,,,,,,
Santa Cruz de Tenerife,Spain,"Santa Cruz de Tenerife, Spain",,,yes,,,,,,,,,,,
Graz,Austria,"Graz, Austria",yes,yes,,,,,,,,,,,,
Shakhty,Russia,"Shakhty, Russia",yes,yes,,,,,,,,,,,,
Blagoveshchensk,Russia,"Blagoveshchensk, Russia",,,yes,,,,,,,,,,,
Banja Luka,Bosnia And Herzegovina,"Banja Luka, Bosnia And Herzegovina",,,yes,,,,,,,,,,,
Babruysk,Belarus,"Babruysk, Belarus",,,yes,,,,,,,,,,,
Fuencarral-El Pardo,Spain,"Fuencarral-El Pardo, Spain",,,yes,,,,,,,,,,,
Messina,Italy,"Messina, Italy",,,yes,,,,,,,,,,,
Badalona,Spain,"Badalona, Spain",yes,yes,,,,,,,,,,,,
Oberhausen,Germany,"Oberhausen, Germany",yes,yes,,,,,,,,,,,,
Verona,Italy,"Verona, Italy",yes,yes,,,,,,,,,,,,
Prokop'yevsk,Russia,"Prokop'yevsk, Russia",,,yes,,,,,,,,,,,
Rybinsk,Russia,"Rybinsk, Russia",yes,yes,,,,,,,,,,,,
Vykhino-Zhulebino,Russia,"Vykhino-Zhulebino, Russia",,,yes,,,,,,,,,,,
Freiburg,Germany,"Freiburg, Germany",yes,yes,,,,,,,,,,,,
Northampton,United Kingdom,"Northampton, United Kingdom",yes,yes,,,,,,,,,,,,
Zelenograd,Russia,"Zelenograd, Russia",yes,yes,,,,,,,,,,,,
Archway,United Kingdom,"Archway, United Kingdom",,,yes,,,,,,,,,,,
Biysk,Russia,"Biysk, Russia",,,yes,only 27,,,,,,,,,,
Novi Sad,Serbia,"Novi Sad, Serbia",yes,yes,,,,,,,,,,,,
Velikiy Novgorod,Russia,"Velikiy Novgorod, Russia",,,yes,,,,,,,,,,,
Centralniy,Russia,"Centralniy, Russia",,,yes,,,,,,,,,,,
Lutsk,Ukraine,"Lutsk, Ukraine",yes,yes,,,,,,,,,,,,
Bergen,Norway,"Bergen, Norway",yes,yes,,,,,,,,,,,,
Braila,Romania,"Braila, Romania",,,yes,,,,,,,,,,,
Norwich,United Kingdom,"Norwich, United Kingdom",,,yes,,,,,,,,,,,
Mokotow,Poland,"Mokotow, Poland",,,yes,,,,,,,,,,,
Luebeck,Germany,"Luebeck, Germany",,,yes,,,,,,,,,,,
Cartagena,Spain,"Cartagena, Spain",yes,yes,,,,,,,,,,,,
Terrassa,Spain,"Terrassa, Spain",yes,yes,,,,,,,,,,,,
Eindhoven,Netherlands,"Eindhoven, Netherlands",yes,yes,,,,,,,,,,,,
Rennes,France,"Rennes, France",yes,yes,,,,,,,,,,,,
Torun,Poland,"Torun, Poland",,,yes,writing error,,,,,,,,,,
Kielce,Poland,"Kielce, Poland",,,yes,writing error,,,,,,,,,,
Jerez de la Frontera,Spain,"Jerez de la Frontera, Spain",,,yes,,,,,,,,,,,
Oradea,Romania,"Oradea, Romania",,,yes,writing error,,,,,,,,,,
Sabadell,Spain,"Sabadell, Spain",yes,yes,,,,,,,,,,,,
Mostoles,Spain,"Mostoles, Spain",yes,yes,,,,,,,,,,,,
Linz,Austria,"Linz, Austria",yes,yes,,,,,,,,,,,,
Alcala de Henares,Spain,"Alcala de Henares, Spain",,,yes,,,,,,,,,,,
Ivano-Frankivsk,Ukraine,"Ivano-Frankivsk, Ukraine",,,yes,,,,,,,,,,,
Debrecen,Hungary,"Debrecen, Hungary",,,yes,writing error,,,,,,,,,,
Padova,Italy,"Padova, Italy",,,yes,only 4,,,,,,,,,,
Erfurt,Germany,"Erfurt, Germany",yes,yes,,,,,,,,,,,,
Vasyl'evsky Ostrov,Russia,"Vasyl'evsky Ostrov, Russia",,,yes,,,,,,,,,,,
Tampere,Finland,"Tampere, Finland",yes,yes,,,,,,,,,,,,
Harburg,Germany,"Harburg, Germany",,,yes,,,,,,,,,,,
Pskov,Russia,"Pskov, Russia",,,yes,,,,,,,,,,,
Favoriten,Austria,"Favoriten, Austria",,,yes,,,,,,,,,,,
Nicosia,Cyprus,"Nicosia, Cyprus",yes,yes,,,,,,,,,,,,
Charleroi,Belgium,"Charleroi, Belgium",yes,yes,,,,,,,,,,,,
Severnyy,Russia,"Severnyy, Russia",,,yes,,,,,,,,,,,
Tilburg,Netherlands,"Tilburg, Netherlands",yes,yes,,,,,,,,,,,,
Balakovo,Russia,"Balakovo, Russia",,,yes,only 4,,,,,,,,,,
Armavir,Russia,"Armavir, Russia",,,yes,only 23,,,,,,,,,,
Bila Tserkva,Ukraine,"Bila Tserkva, Ukraine",,,yes,,,,,,,,,,,
Dudley,United Kingdom,"Dudley, United Kingdom",,,yes,,,,,,,,,,,
Hagen,Germany,"Hagen, Germany",,,yes,,,,,,,,,,,
Gliwice,Poland,"Gliwice, Poland",,,yes,writing error,,,,,,,,,,
Pamplona,Spain,"Pamplona, Spain",yes,yes,,,,,,,,,,,,
Rostock,Germany,"Rostock, Germany",yes,yes,,,,,,,,,,,,
Fuenlabrada,Spain,"Fuenlabrada, Spain",,,yes,only 17,,,,,,,,,,
Aberdeen,United Kingdom,"Aberdeen, United Kingdom",yes,yes,,,,,,,,,,,,
Reims,France,"Reims, France",yes,yes,,,,,,,,,,,,
Engel's,Russia,"Engel's, Russia",,,yes,,,,,,,,,,,
Burgas,Bulgaria,"Burgas, Bulgaria",,,yes,,,,,,,,,,,
Kassel,Germany,"Kassel, Germany",yes,yes,,,,,,,,,,,,
Severodvinsk,Russia,"Severodvinsk, Russia",yes,yes,,,,,,,,,,,,
Portsmouth,United Kingdom,"Portsmouth, United Kingdom",yes,yes,,,,,,,,,,,,
Newcastle upon Tyne,United Kingdom,"Newcastle upon Tyne, United Kingdom",,,yes,,,,,,,,,,,
Klaipeda,Lithuania,"Klaipeda, Lithuania",,,yes,writing error,,,,,,,,,,
Zabrze,Poland,"Zabrze, Poland",,,yes,only 23,,,,,,,,,,
Zlatoust,Russia,"Zlatoust, Russia",yes,yes,,,,,,,,,,,,
Cork,Ireland,"Cork, Ireland",yes,yes,,,,,,,,,,,,
Vantaa,Finland,"Vantaa, Finland",yes,yes,,,,,,,,,,,,
Syzran',Russia,"Syzran', Russia",,,yes,,,,,,,,,,,
Bytom,Poland,"Bytom, Poland",,,yes,only 22,,,,,,,,,,
Almeria,Spain,"Almeria, Spain",,,yes,,,,,,,,,,,
Praga Poludnie,Poland,"Praga Poludnie, Poland",,,yes,,,,,,,,,,,
Sutton,United Kingdom,"Sutton, United Kingdom",,,yes,only 28,,,,,,,,,,
Petropavlovsk-Kamchatsky,Russia,"Petropavlovsk-Kamchatsky, Russia",,,yes,,,,,,,,,,,
Trieste,Italy,"Trieste, Italy",yes,yes,,,,,,,,,,,,
Donaustadt,Austria,"Donaustadt, Austria",yes,yes,,,,,,,,,,,,
Leganes,Spain,"Leganes, Spain",,,yes,only 26,,,,,,,,,,
Le Havre,France,"Le Havre, France",,,yes,,,,,,,,,,,
Swindon,United Kingdom,"Swindon, United Kingdom",,,yes,,,,,,,,,,,
Dun Laoghaire,Ireland,"Dun Laoghaire, Ireland",,,yes,,,,,,,,,,,
San Sebastian,Spain,"San Sebastian, Spain",yes,yes,,,,,,,,,,,,
Hamm,Germany,"Hamm, Germany",yes,yes,,,,,,,,,,,,
Mainz,Germany,"Mainz, Germany",yes,yes,,,,,,,,,,,,
Brescia,Italy,"Brescia, Italy",,,yes,,,,,,,,,,,
Geneve,Switzerland,"Geneve, Switzerland",yes,yes,,,,,,,,,,,,
Cergy-Pontoise,France,"Cergy-Pontoise, France",,,yes,,,,,,,,,,,
Korolyov,Russia,"Korolyov, Russia",,,yes,,,,,,,,,,,
Sants-Montjuic,Spain,"Sants-Montjuic, Spain",yes,yes,,,,,,,,,,,,
Santander,Spain,"Santander, Spain",yes,yes,,,,,,,,,,,,
Liege,Belgium,"Liege, Belgium",,,yes,,,,,,,,,,,
Kamensk-Ural'skiy,Russia,"Kamensk-Ural'skiy, Russia",,,yes,,,,,,,,,,,
Prato,Italy,"Prato, Italy",,,yes,,,,,,,,,,,
Saarbruecken,Germany,"Saarbruecken, Germany",yes,yes,,,,,,,,,,,,
Groningen,Netherlands,"Groningen, Netherlands",yes,yes,,,,,,,,,,,,
Taranto,Italy,"Taranto, Italy",,,yes,,,,,,,,,,,
Crawley,United Kingdom,"Crawley, United Kingdom",yes,yes,,,,,,,,,,,,
Castello de la Plana,Spain,"Castello de la Plana, Spain",,,yes,,,,,,,,,,,
Yasenevo,Russia,"Yasenevo, Russia",,,yes,only 1,,,,,,,,,,
Podolsk,Russia,"Podolsk, Russia",yes,yes,,,,,,,,,,,,
Burgos,Spain,"Burgos, Spain",yes,yes,,,,,,,,,,,,
Amadora,Portugal,"Amadora, Portugal",,,yes,,,,,,,,,,,
Ipswich,United Kingdom,"Ipswich, United Kingdom",yes,yes,,,,,,,,,,,,
Bielsko-Biala,Poland,"Bielsko-Biala, Poland",,,yes,,,,,,,,,,,
Yuzhno-Sakhalinsk,Russia,"Yuzhno-Sakhalinsk, Russia",,,yes,,,,,,,,,,,
Almere Stad,Netherlands,"Almere Stad, Netherlands",,,yes,,,,,,,,,,,
Split,Croatia,"Split, Croatia",,,yes,,,,,,,,,,,
Saint-Etienne,France,"Saint-Etienne, France",yes,yes,,,,,,,,,,,,
Turku,Finland,"Turku, Finland",yes,yes,,,,,,,,,,,,
Wigan,United Kingdom,"Wigan, United Kingdom",,,yes,,,,,,,,,,,
Kramators'k,Ukraine,"Kramators'k, Ukraine",,,yes,,,,,,,,,,,
Croydon,United Kingdom,"Croydon, United Kingdom",yes,yes,,,,,,,,,,,,
Miskolc,Hungary,"Miskolc, Hungary",,,yes,write error,,,,,,,,,,
Walsall,United Kingdom,"Walsall, United Kingdom",,,yes,,,,,,,,,,,
Herne,Germany,"Herne, Germany",,,yes,only 28,,,,,,,,,,
Lyublino,Russia,"Lyublino, Russia",yes,yes,,,,,,,,,,,,
Mansfield,United Kingdom,"Mansfield, United Kingdom",,,yes,,,,,,,,,,,
Olsztyn,Poland,"Olsztyn, Poland",,,yes,write error,,,,,,,,,,
Bacau,Romania,"Bacau, Romania",,,yes,,,,,,,,,,,
Oxford,United Kingdom,"Oxford, United Kingdom",,,yes,,,,,,,,,,,
Muelheim,Germany,"Muelheim, Germany",,,yes,,,,,,,,,,,
Albacete,Spain,"Albacete, Spain",,,yes,,,,,,,,,,,
Reggio Calabria,Italy,"Reggio Calabria, Italy",yes,yes,,,,,,,,,,,,
Arad,Romania,"Arad, Romania",yes,yes,yes,"write error, has 20",,,,,,,,,,
Baranovichi,Belarus,"Baranovichi, Belarus",,,yes,,,,,,,,,,,
Toulon,France,"Toulon, France",yes,yes,,,,,,,,,,,,
Angers,France,"Angers, France",yes,yes,,,,,,,,,,,,
Horta-Guinardo,Spain,"Horta-Guinardo, Spain",,,yes,,,,,,,,,,,
Patra,Greece,"Patra, Greece",,,yes,,,,,,,,,,,
Alcorcon,Spain,"Alcorcon, Spain",yes,yes,,,,,,,,,,,,
Berezniki,Russia,"Berezniki, Russia",,,yes,only 19,,,,,,,,,,
Volgodonsk,Russia,"Volgodonsk, Russia",,,yes,only 24,,,,,,,,,,
Breda,Netherlands,"Breda, Netherlands",yes,yes,,,,,,,,,,,,
Pitesti,Romania,"Pitesti, Romania",,,yes,only 28,,,,,,,,,,
Miass,Russia,"Miass, Russia",,,yes,only 28,,,,,,,,,,
Abakan,Russia,"Abakan, Russia",yes,yes,yes,"write error, has 29",,,,,,,,,,
Neukoelln,Germany,"Neukoelln, Germany",,,yes,,,,,,,,,,,
Getafe,Spain,"Getafe, Spain",,,yes,only 25,,,,,,,,,,
Novocherkassk,Russia,"Novocherkassk, Russia",yes,yes,,,,,,,,,,,,
Osnabrueck,Germany,"Osnabrueck, Germany",,,yes,,,,,,,,,,,
Nou Barris,Spain,"Nou Barris, Spain",,,yes,,,,,,,,,,,
Warrington,United Kingdom,"Warrington, United Kingdom",,,yes,,,,,,,,,,,
Szeged,Hungary,"Szeged, Hungary",yes,yes,,,,,,,,,,,,
Basel,Switzerland,"Basel, Switzerland",yes,yes,,,,,,,,,,,,
Zenica,Bosnia And Herzegovina,"Zenica, Bosnia And Herzegovina",,,yes,,,,,,,,,,,
Solingen,Germany,"Solingen, Germany",,,yes,only 21,,,,,,,,,,
Pilsen,Czech Republic,"Pilsen, Czech Republic",,,yes,write error,,,,,,,,,,
Nazran',Russia,"Nazran', Russia",,,yes,,,,,,,,,,,
Slough,United Kingdom,"Slough, United Kingdom",yes,yes,,,,,,,,,,,,
Piraeus,Greece,"Piraeus, Greece",yes,yes,,,,,,,,,,,,
Bournemouth,United Kingdom,"Bournemouth, United Kingdom",yes,yes,,,,,,,,,,,,
Peterborough,United Kingdom,"Peterborough, United Kingdom",,,yes,,,,,,,,,,,
Ludwigshafen am Rhein,Germany,"Ludwigshafen am Rhein, Germany",,,yes,,,,,,,,,,,
Floridsdorf,Austria,"Floridsdorf, Austria",,,yes,,,,,,,,,,,
Leverkusen,Germany,"Leverkusen, Germany",yes,yes,,,,,,,,,,,,
Hortaleza,Spain,"Hortaleza, Spain",yes,yes,,,,,,,,,,,,
Rubtsovsk,Russia,"Rubtsovsk, Russia",,,yes,only 3,,,,,,,,,,
Mytishchi,Russia,"Mytishchi, Russia",yes,yes,,,,,,,,,,,,
Salavat,Russia,"Salavat, Russia",,,yes,only 20,,,,,,,,,,
Oldenburg,Germany,"Oldenburg, Germany",yes,yes,,,,,,,,,,,,
Bibirevo,Russia,"Bibirevo, Russia",,,yes,,,,,,,,,,,
Khoroshevo-Mnevniki,Russia,"Khoroshevo-Mnevniki, Russia",,,yes,,,,,,,,,,,
Modena,Italy,"Modena, Italy",yes,yes,,,,,,,,,,,,
Nijmegen,Netherlands,"Nijmegen, Netherlands",yes,yes,,,,,,,,,,,,
Grenoble,France,"Grenoble, France",yes,yes,,,,,,,,,,,,
Cambridge,United Kingdom,"Cambridge, United Kingdom",,,yes,,,,,,,,,,,
Rzeszow,Poland,"Rzeszow, Poland",,,yes,write error,,,,,,,,,,
Doncaster,United Kingdom,"Doncaster, United Kingdom",yes,yes,,,,,,,,,,,,
Melitopol,Ukraine,"Melitopol, Ukraine",,,yes,,,,,,,,,,,
Gol'yanovo,Russia,"Gol'yanovo, Russia",,,yes,,,,,,,,,,,
Admiralteisky,Russia,"Admiralteisky, Russia",yes,yes,,,,,,,,,,,,
San Blas-Canillejas,Spain,"San Blas-Canillejas, Spain",yes,yes,,,,,,,,,,,,
Ussuriysk,Russia,"Ussuriysk, Russia",,,yes,only 27,,,,,,,,,,
Tiraspol,Moldova,"Tiraspol, Moldova",,,yes,writing error,,,,,,,,,,
Pecs,Hungary,"Pecs, Hungary",yes,yes,,,,,,,,,,,,
Ruse,Bulgaria,"Ruse, Bulgaria",,,yes,,,,,,,,,,,
